"","0","1","2","3","4","5","6","7","8","9","10","11","12","13","14","15","16","17","18","19","20","21","22","23","24","25","26","27","28","29","30","31","32","33","34","35","36","37","38","39","40","41","42","43","44","45","46","47","48","49","50","51","52","53","54","55","56","57","58","59","60","61","62","63","64","65","66","67","68","69","70","71","72","73","74","75","76","77","78","79","80","81","82","83","84","85","86","87","88","89","90"
"1950",1.04845793606682,1.04450952264555,1.04313871916007,1.03544440992055,1.02881454369037,1.02996353520396,1.0370007006042,1.03759059990563,1.03844104900548,1.03519083965778,1.02085241127265,1.02212958648683,1.01918352217378,1.01842452287263,1.0109291105457,1.0196418070091,1.03727819428984,1.02582861930902,1.02635938961722,1.02487872004003,1.01886412818263,1.01698487790045,1.04340753519239,1.0594265088319,0.977467913072065,0.945807983566003,0.963548635127962,0.958828142904631,0.964873494401352,0.962085951277273,0.95848554748673,0.956404506105003,0.972271586428716,0.966154321001872,0.956147281585979,0.952557223117741,0.962985695499316,0.96453108147894,0.97658467499499,0.971911349411253,0.972892910389136,0.97537075368709,0.977803456042334,0.967787774455382,0.963718229168932,0.960941644194442,0.967167431825229,0.960298559570976,0.953029690400409,0.928204599499304,0.9127136008059,0.872570394088543,0.86938045883312,0.8332684941599,0.832046579746484,0.82205947285668,0.819854937758945,0.805899217849082,0.825950831049574,0.809638047525296,0.802786594136306,0.784788674009293,0.792066132579176,0.786941295308604,0.788820654510114,0.777248202380431,0.785798243655621,0.776161229083771,0.770754453026737,0.771704417106645,0.767685674922597,0.752911797104181,0.770046255644955,0.747083678709338,0.743461251230524,0.745588733912058,0.73937601831128,0.723681301894549,0.775171689207066,0.74577590661505,0.72804656245867,0.711498194120605,0.716331372095612,0.677153603855218,0.672754703811992,0.644800827185862,0.601472679581582,0.633333916558041,0.641080067731011,0.535226437097505,0.585711567732116
"1951",1.05620398924506,1.04571702861133,1.04422848069317,1.04262887043764,1.03484528604554,1.02867592580708,1.03000188689463,1.03672361161196,1.03716115922313,1.03835072368931,1.03534181712374,1.02069274563591,1.02204607491106,1.0197758627726,1.01882697244901,1.01101316164112,1.01926349240372,1.03642718935182,1.02429266619701,1.02435783785101,1.02260085161025,1.01624237552652,1.01376631924626,1.03747461264485,1.05156823072175,0.975113225817955,0.944769993667297,0.961823052287396,0.95668427765378,0.962820728411815,0.960240991988266,0.956569037234032,0.954660416778087,0.970722509163904,0.964240010389616,0.95424041883357,0.950803167720852,0.961506335168916,0.963085289985898,0.975130253858166,0.970317237418049,0.971082358958889,0.9730644005659,0.975156753510888,0.965674063932678,0.961564711554006,0.958816136673885,0.964163512716124,0.957085338294822,0.949142468735564,0.92405562159901,0.907861182313411,0.867954428748889,0.863310351202283,0.827153945540231,0.824920304015137,0.815774936838992,0.812172088142707,0.798801586436415,0.818344726915194,0.801413993051107,0.791712730659567,0.775811120909225,0.782547824987013,0.778106729090437,0.776886909128298,0.767214478655415,0.774641752625267,0.765161159026743,0.759625848786373,0.760144428792274,0.756374800932705,0.739490028268006,0.754313795815076,0.738022385422891,0.731277891002205,0.73583099099725,0.72851879462993,0.717086613828245,0.766630274293619,0.735490283612443,0.7171840162105,0.703248685119269,0.696971108574927,0.660163011975505,0.650023880566355,0.621569722221326,0.582676106474706,0.611340252154235,0.614767699115044,0.518908424981737
"1952",1.05512146045671,1.05319172390311,1.04528248875478,1.04435818655807,1.04233538475892,1.03457639024232,1.02853034244693,1.02972068770577,1.03650785791386,1.03683085799291,1.03804831498522,1.03541168914579,1.02090070645437,1.02194846854153,1.02018300963695,1.01929882482677,1.01083931231235,1.01859732397806,1.03545367394788,1.02236581952052,1.02251168820443,1.02039020295823,1.0136815852083,1.00978508462631,1.0294714836418,1.04189700545815,0.972475031134183,0.943682927381029,0.959934205045763,0.954649593228996,0.96077288016693,0.958362040421025,0.954015515426101,0.952123023033526,0.968895558268976,0.962282428320246,0.952044482662904,0.949219520533514,0.959869188041785,0.961299154314251,0.973255070523334,0.968340210848916,0.969064990987989,0.971040777799948,0.97233451608098,0.962826191808545,0.959409001262291,0.956109797939756,0.959732072165981,0.952204782253847,0.944519682115666,0.919849635322536,0.901559627223031,0.862863681128319,0.856346343838086,0.819164917287998,0.818314220282157,0.808687995125271,0.803018814734401,0.79072910675904,0.808291174725163,0.791194995874337,0.781206161499088,0.767622159583954,0.772142310349006,0.76605867918906,0.766660183077614,0.754947317269507,0.762309396744315,0.752324349844395,0.747018942842682,0.746642238438027,0.745046423779321,0.72915314974317,0.739849468060162,0.727165936703933,0.723146766652061,0.728698033238799,0.716165057086767,0.706898771936116,0.73673008484867,0.723711047849656,0.69901896045061,0.684869502242277,0.67732425760372,0.636596411900235,0.624448997135569,0.606267074413863,0.559704372861554,0.604795568170577,0.583593415989739
"1953",1.0564940446933,1.05277302948738,1.05246732763437,1.04556775403715,1.04441692684979,1.04209341980362,1.0342231052834,1.0283064555921,1.02963141500115,1.03637904004814,1.03649377261524,1.03793460368251,1.03577458349417,1.02091465787089,1.02176000451604,1.02103892756927,1.01997995820754,1.01092641436211,1.01786527804209,1.03435251843903,1.02048290238335,1.02055193025028,1.01815113778664,1.01091665663175,1.00636505243783,1.02193876515092,1.03232212603591,0.970141693850123,0.942188482561877,0.958281661388488,0.95246570323291,0.959114608985792,0.956385257019304,0.951748514515664,0.949909026138907,0.966924605095971,0.96061621471496,0.949832814975419,0.947562987742535,0.958172251302451,0.959445272873719,0.971005623115949,0.966332425422869,0.967369763389613,0.968674756365515,0.969261673014374,0.96003315542916,0.956385446646803,0.953103857953723,0.955392071911131,0.947585086233055,0.939157984252718,0.914523163298233,0.895721067004861,0.856524771893695,0.850326924938701,0.811782447667996,0.809786220526594,0.800889896018712,0.794959987061612,0.782381097959488,0.798600140021435,0.781772535222506,0.771173749062039,0.758281694522601,0.7602097388044,0.754699467804891,0.757173947273709,0.74372093036871,0.750023041911027,0.739780559096124,0.733477271797509,0.734653803934979,0.734616427105891,0.712926884520483,0.727139412175879,0.716857311973898,0.713259167536051,0.716546967701644,0.705403706117037,0.704013657818097,0.72984903453331,0.715842496872325,0.683813700628488,0.670617646350255,0.665551460301226,0.615869500025238,0.603714579006422,0.583683047029742,0.541172692108975,0.554376604621309
"1954",1.05789430446286,1.05464256058922,1.05232003808183,1.0518186921827,1.04515278027644,1.04436817767951,1.04171921226543,1.03400060963688,1.02795532775093,1.02944315566518,1.03606239577681,1.03609739513444,1.03773176518384,1.0360528148148,1.02091297039733,1.02116654884915,1.02129224394956,1.02043196163133,1.01061027562153,1.01717049154569,1.03339437296272,1.01828270712955,1.01837984764443,1.01568677095473,1.00833726265683,1.00246074544398,1.01433670527353,1.02271653536061,0.967922649325777,0.940814548073364,0.956386815943837,0.951077177429192,0.95722755440496,0.954386865796662,0.949138483692711,0.947780208266023,0.965066995829874,0.958725368755455,0.947831151574515,0.94559277567621,0.956310542536609,0.957679460227339,0.968903666103062,0.964387464765731,0.965346966282725,0.965763915928239,0.967093374704809,0.957374924894797,0.953773148865981,0.949622204976828,0.950776818597582,0.942151774868798,0.933164745505488,0.907246795510241,0.890713925452124,0.849802420084276,0.843668979601787,0.804522579454812,0.800726188942522,0.792146334105881,0.78383586390636,0.771543093633933,0.789431876654132,0.771129755206045,0.759229749989999,0.747799297537376,0.748756488972042,0.742694636008066,0.743849843943138,0.731467037485282,0.735789975669611,0.725954364909439,0.720024097299746,0.721402015586348,0.719688542825362,0.698700287170439,0.70939093308467,0.703500449041283,0.698154705299152,0.702319210434846,0.684549541723333,0.682619585737456,0.712954402105492,0.700199662110275,0.661106244919047,0.646781452352055,0.629729625027192,0.601388846656734,0.598814312490786,0.559611823510575,0.532849891225526
"1955",1.05174090105167,1.05581960621758,1.05292909317148,1.051623955042,1.05105832614408,1.04523090200793,1.04439199682651,1.04153296908202,1.03386653944682,1.02785636814604,1.02930926043174,1.03587748534197,1.03593798091834,1.03752107339491,1.03624947799895,1.02101397468301,1.02088849817406,1.02122605308248,1.0203788705204,1.0098571858805,1.01615881415306,1.03185595498098,1.01616135783962,1.01638771069544,1.01320112697686,1.00582470623739,0.998795973430941,1.00665809509699,1.01353380345577,0.965100039901955,0.939473489161855,0.95483830548825,0.94936267768523,0.955009166984334,0.952302180235923,0.946619621845992,0.945519369422109,0.963263502775302,0.957085787956846,0.946346074064797,0.943861914031726,0.954362974363233,0.955732136265099,0.966729405061385,0.961824387868247,0.963413234272857,0.96298677108401,0.964090082173142,0.954525683497086,0.950290902789688,0.945405296841962,0.945050575077163,0.936496018352979,0.927193398289236,0.901068813028492,0.883417773875016,0.843352252677634,0.834548938617435,0.794474344410362,0.790960662924644,0.781449577925204,0.772631629788793,0.761699082668486,0.776992965747542,0.758202806800125,0.746655789429545,0.732839338066508,0.735271733377485,0.729466701542147,0.728898100789839,0.716338564618125,0.720941889791968,0.710872695837031,0.704958586219352,0.706790651303814,0.705824956719149,0.68431015071653,0.694114373472883,0.690158993711372,0.686774638625885,0.684446204638148,0.66515095985435,0.672986609185443,0.695285482073054,0.686736257667141,0.644169779224566,0.634289147068461,0.613150466982323,0.583677091803344,0.599098086696779,0.553882065785905
"1956",1.05747274147402,1.05081504444108,1.05459389371621,1.05186931324354,1.05065542674231,1.05058454822634,1.04501110266718,1.04434704891627,1.04101501655443,1.03367190374305,1.02746370141474,1.02915213433119,1.03577655442931,1.03582572703908,1.03731449410737,1.03627193641394,1.02085603430364,1.02052026749202,1.02111957568819,1.02045590083724,1.00956202325458,1.01535971779408,1.03042130350452,1.01399058506891,1.01430405977516,1.01107674716363,1.00322973235073,0.995607125670541,0.998991286746349,1.00408214337098,0.962573115632412,0.938359115231173,0.953360941369895,0.947194681720505,0.95285144809954,0.950293183701502,0.94447684395916,0.943787566684051,0.961801826925662,0.955133891892229,0.944153402657446,0.941195942012085,0.952456322316301,0.953296002254588,0.964706543108924,0.959497096163513,0.960163415579382,0.960104876028241,0.960704018421345,0.950959784299209,0.94527838293683,0.941768273211183,0.940015435600145,0.930686861897019,0.920108240643792,0.893723289704084,0.874165011412485,0.835394887629558,0.826008682847212,0.784861097667215,0.78127871226822,0.769901255930072,0.760836612741745,0.751461845884709,0.76493287398985,0.742975055521613,0.734395240287682,0.722095133499318,0.72344022652481,0.715994597436459,0.715687965720114,0.703297985262099,0.706697389695392,0.697182984044942,0.693030686824943,0.69366522393082,0.690352138655065,0.671218498385648,0.680155811278683,0.683198088047452,0.667945106463467,0.669149977302906,0.650431393114283,0.661107016851585,0.678820861197368,0.670044565432153,0.629960264378466,0.61955832744388,0.58598799409294,0.560611545671989,0.580794475850818
"1957",1.04805318590934,1.05605674895539,1.05028277127251,1.05374761717105,1.05063707939081,1.0499542768423,1.05001308121071,1.04494360060113,1.04410725815684,1.040617997588,1.03354426450603,1.02723249825603,1.02908632733839,1.03552471207634,1.03556360131485,1.0371098158389,1.03622716438712,1.02051162773981,1.01986184110527,1.02085037364115,1.02018022426762,1.00910467714088,1.01430107719575,1.0292757153798,1.01191824308901,1.01212856942085,1.00872977468556,1.00068711434848,0.992115016998161,0.991658167597198,0.994457727369516,0.960269340243142,0.937080055611284,0.951721202443282,0.945253710080295,0.950734266755032,0.948486666041363,0.941844300932514,0.941517605642034,0.960429320804959,0.953359056809356,0.942037229162457,0.939129627713767,0.950946635228613,0.950802052573684,0.961984698336013,0.956536097984728,0.957799109164637,0.957229603905133,0.957046233189015,0.947047576483404,0.941431653693514,0.936506394020531,0.934239676541333,0.923978938940084,0.912649306541379,0.886401491621412,0.865575838558139,0.826780920955603,0.816025390942488,0.775482305794744,0.77075485798,0.758378298384659,0.748962757498333,0.739293342128692,0.751400088701567,0.729397520522548,0.721900673103627,0.708160742556006,0.708994257692552,0.70063413671704,0.702503198242737,0.689306907216566,0.68986039712917,0.679122116691453,0.678504303096251,0.676206249354636,0.672691782116602,0.652833546281246,0.657032385836777,0.668382487787799,0.658577144190423,0.656677590862295,0.631727970745693,0.645276598080314,0.654025887564495,0.652818959277231,0.609321965482262,0.579226146100818,0.57731787231864,0.554334564825157
"1958",1.0580538351551,1.04843040723813,1.05512909472449,1.04989927006495,1.05286540751539,1.04937104774579,1.04909941270449,1.04929708435035,1.04460007130193,1.0440123625791,1.04002395900155,1.03343056058825,1.02688297147391,1.02894388044119,1.035144273424,1.03502407034775,1.03661668636041,1.03606556751587,1.01967388299252,1.01864605239565,1.02043406641257,1.02005788625682,1.0085411914803,1.0136834201875,1.02826443305001,1.00952742131368,1.01042707337446,1.00643713088887,0.998257686882469,0.988378858103697,0.98391029475751,0.984791137750242,0.957656279470561,0.935643466298369,0.950206512657672,0.943332374023184,0.948890374506797,0.946402228325307,0.938869521471889,0.939322657348477,0.958210258275737,0.951848834548367,0.940134661779373,0.936766324101942,0.948274578053245,0.948798420965056,0.959055188359297,0.953315423187769,0.954695401522135,0.953492796435586,0.953174486302456,0.942830409337016,0.936637622748483,0.931304270916252,0.927395635217373,0.916272272738597,0.905007163213433,0.878001609328458,0.855469727354946,0.815785217867273,0.804581314344654,0.764700168425584,0.759986919701372,0.74562596134837,0.736208671436913,0.727393492901098,0.739025334531772,0.715517400650701,0.706571069839105,0.695164635690845,0.693980960749237,0.682084656672374,0.686684898228084,0.673519017352356,0.673299560318128,0.66479029769373,0.662390893787828,0.660408263909682,0.656843202760399,0.636259632266469,0.636758759361518,0.6513025957318,0.646626926110033,0.639736567803043,0.617897608487448,0.629599093922284,0.62630978371309,0.631106324257009,0.572122125074298,0.572164208562098,0.553303170619632
"1959",1.04875408552759,1.05391618140007,1.0485140458967,1.05428367951676,1.04940487854687,1.05204673559251,1.04820610354564,1.04829884561075,1.04870563518467,1.04446566881639,1.04379520616026,1.03963657233299,1.0332796835957,1.02687982422563,1.02882517684152,1.03481631724858,1.0344096005923,1.03618678153248,1.03573526470037,1.01899499997782,1.01750313438834,1.0199840083553,1.01991223431733,1.00792591364111,1.01294160017615,1.02685091018757,1.00791401523394,1.00850997139357,1.0041238254932,0.995806743210243,0.984867876545105,0.976583564222501,0.975380296076706,0.954986764138668,0.934268559144931,0.948721033507745,0.941197595690797,0.946852293558013,0.94408049498825,0.936328145220822,0.93663576191629,0.956500469112004,0.949274710543727,0.93791543543515,0.934455150959484,0.945840661664772,0.94605892915019,0.956167113634591,0.951210707181496,0.951423466448743,0.949685294499231,0.949125277490115,0.939071062409304,0.931294327518691,0.925901870935108,0.919519233895265,0.909092435116848,0.896622976223219,0.86851327988557,0.844947526367032,0.80569336050596,0.793198210876119,0.753941263755816,0.749371911376148,0.734314157420444,0.722365075169132,0.713322330706962,0.724471566436112,0.701855592018836,0.692620313905352,0.68451529582506,0.67818052749413,0.66859330393036,0.669806043194549,0.65888253051864,0.657483037444285,0.649550951102545,0.646329395412004,0.641868913904877,0.641095717743571,0.619265863611839,0.618997770166927,0.632206662926682,0.623494207701858,0.616435794358826,0.610975323104324,0.605428696279585,0.597729583411583,0.596836526021452,0.560021879106048,0.556993387597277
"1960",1.05669140241698,1.04713688984437,1.05080787160534,1.04878814048029,1.05352738588557,1.04899357273025,1.05110990861302,1.04700152714706,1.0474602775886,1.04821144622551,1.04422053387973,1.04380868587007,1.03924630134424,1.03319860284929,1.02659616419942,1.02869539040924,1.03438492004063,1.03374434064918,1.03503777087507,1.03477835515388,1.01833359424813,1.01636493264863,1.01936646063355,1.01975374583246,1.00711371484256,1.01145253871863,1.02547106595007,1.00600087902076,1.00669963992446,1.00196915268518,0.993664142982451,0.980725648476893,0.968845999752544,0.965938710511689,0.952415228604222,0.932942034318736,0.94680405393563,0.938971169375623,0.944488050749405,0.941723123226252,0.933331213146956,0.934212038335134,0.954506228873786,0.947360486146887,0.935384561604776,0.931933156428492,0.942886929781868,0.943163556418186,0.952619788295257,0.948678443778166,0.948160868719094,0.9452127788206,0.94414178931737,0.933848120244994,0.925317538046829,0.919329260589952,0.911490321324649,0.900911800311689,0.886745332741133,0.857028882864156,0.833653233451312,0.794680309132624,0.780143668922127,0.741685373463438,0.735592103511357,0.720707245394667,0.706959068539955,0.698845348947884,0.709485350544117,0.684790341497068,0.676927930586793,0.671158557501382,0.662025924930668,0.653057302863816,0.653165526960068,0.640920961884808,0.640039799405854,0.630737418091799,0.631764486305173,0.629135954326339,0.615956544760452,0.597582279719006,0.604267218223412,0.61625100060036,0.594496104926547,0.597388323063467,0.594046230429283,0.585630947935044,0.579432405657629,0.565466297322253,0.530085062290658
"1961",1.05264395026635,1.05291260032374,1.0456220697941,1.04792496554383,1.04851030186803,1.05277203518847,1.04845345276359,1.05029801570608,1.04592500121302,1.04671148034841,1.04773628986403,1.0439501018466,1.04371544765272,1.03893469959524,1.03299451622332,1.02648636419489,1.02851332819622,1.03380977444527,1.03280342622404,1.03383519928704,1.03403413495644,1.01750434725817,1.01534509689732,1.01862307792437,1.0195201486941,1.00661282299511,1.01047394791905,1.0244490257846,1.00375307827582,1.00488973250699,0.99939823720283,0.991396095135838,0.976988700086602,0.961183590448559,0.955836855143751,0.949870793931991,0.931396147851045,0.944866500321473,0.936766963502102,0.942024838177048,0.938939204582227,0.930182898160048,0.931697130561237,0.952031800559689,0.944813370003009,0.933067691276535,0.929131001476108,0.939825634679803,0.939919767422521,0.948869564206564,0.944948719442966,0.944753070800797,0.941002462849664,0.938543167992848,0.927992073041263,0.918513438710868,0.912181769208016,0.903769916389447,0.891080193754242,0.876628006001673,0.846622190609472,0.822014529809797,0.78316974056412,0.766214074728174,0.728739715094077,0.721514495539056,0.707549916583388,0.69367213818764,0.683179385987535,0.692489340801986,0.670861371833532,0.661564344145936,0.654756431336039,0.64775730424127,0.635778114825797,0.640287641484121,0.628957846615106,0.623482125810316,0.613769324509916,0.615018318051833,0.610849785893803,0.596549089679415,0.581443295022091,0.584851234094028,0.601742827090516,0.575605804855022,0.581843037996799,0.588080478772841,0.557486022623846,0.543769353526173,0.521697783371792
"1962",1.05075888518956,1.05077539989482,1.05225298258501,1.04522241828997,1.04789981400943,1.0482285488479,1.0530934362624,1.04841600934385,1.04989938357409,1.04594406614442,1.04623202619734,1.04776661575274,1.04397655440531,1.0440339603121,1.03933027625423,1.03299309794088,1.02625221848431,1.02872241962567,1.03306702607008,1.03194581302888,1.03312537099668,1.03274109615114,1.01680774147477,1.01357861047303,1.01799419143546,1.01839829153456,1.00495343608351,1.00901108404095,1.02237648625179,1.00270600682053,1.00314581288043,0.997227876240599,0.989990448803796,0.975046225162114,0.958613945691364,0.953217105974935,0.948354903623052,0.930647953282991,0.943223243811587,0.935033998343389,0.940423521556219,0.937062055497368,0.928378507658203,0.9292930102143,0.950585651317618,0.942138803487406,0.93063486513875,0.927509500888213,0.938133644682165,0.937400485400457,0.946165348125044,0.941511380845155,0.941110171376966,0.937494244518849,0.933267353485736,0.923715091720697,0.912812252783089,0.905057809908262,0.896095284601914,0.881817720832216,0.866104688874019,0.836559515494194,0.810440797832066,0.771003268478405,0.752672980683219,0.717342315173704,0.706214774346431,0.693325557876051,0.678998146716744,0.667496227900909,0.676528843101451,0.656337989796293,0.648408507095291,0.638949551228525,0.630893926460624,0.621465603143195,0.625926123572228,0.615012467024263,0.609212867323374,0.602098909759936,0.596987696497837,0.596503237262875,0.578769797142871,0.561728531905083,0.562223614360618,0.58968245650807,0.559710850322006,0.570150967501961,0.561830787334735,0.536725165700946,0.529197236881623
"1963",1.04923915599387,1.05028513163797,1.05162161890863,1.05241095289887,1.04485627346694,1.04895454432314,1.04795397300029,1.05328438006502,1.04823995667894,1.04964902111995,1.04649217648586,1.04594131545823,1.04800814543737,1.04379766545898,1.04456577176138,1.03968336487132,1.03332321937094,1.02579530070529,1.02865392052523,1.03242119685861,1.0311888526884,1.03197764664593,1.03142710032973,1.01645132192255,1.01179446241482,1.01730451627416,1.0165835423679,1.00300078296932,1.00735222965224,1.02040136002336,1.00147943209154,1.00173148965863,0.995230532163564,0.989168758173942,0.973481899716945,0.956980740663908,0.952280766399114,0.946950788114584,0.929953283341202,0.941892992391905,0.933685171149299,0.938825141953599,0.934706804511223,0.927056506412309,0.926652882103273,0.949346855121931,0.939164293014896,0.927799412753235,0.925194225476366,0.935650359433202,0.935260178974322,0.942678514916245,0.937094106990912,0.936463963768197,0.932337440310932,0.926511830288222,0.917227453325407,0.90570403494583,0.895693258924633,0.886957857721799,0.870908841987323,0.854848603161113,0.824989072115647,0.796865007084655,0.75784721321321,0.738653047852354,0.703495176169027,0.691604334122305,0.676306868830278,0.662756658990346,0.651546481539133,0.659950954925187,0.639476978372684,0.632912347958413,0.619765470501788,0.614041094835183,0.6028317699983,0.60473926032237,0.594088898466039,0.589815807153607,0.586008891660039,0.581582686552042,0.576304547998975,0.564163210464658,0.550386219190001,0.533191299847133,0.572094179711148,0.533742688114863,0.547155852410674,0.52884094969418,0.531944281180205
"1964",1.05025293502055,1.04847578997807,1.04973044106127,1.05278783272923,1.0525970923289,1.04482009294814,1.05008207221788,1.04777736342861,1.05366423927477,1.0483647382109,1.04952740147574,1.04694428950105,1.0454473228876,1.04800138053878,1.04374109773696,1.04494859288826,1.04021911047287,1.03322923265892,1.02488848531192,1.02848488161025,1.03191671105126,1.03018630660773,1.03076609595019,1.0298781551527,1.01572496623387,1.01046275210423,1.01647999504344,1.01533724436306,1.0012077166434,1.00584615047197,1.01841762335744,1.00021708476204,1.00010968105854,0.993132887513842,0.987995354720269,0.971398286251693,0.955274378436963,0.950858446665962,0.945134346148793,0.928701105974645,0.940150203550292,0.932249749863699,0.937300395685951,0.932656907384818,0.924847703534026,0.923998532874463,0.948561337063563,0.93461723629523,0.924654218016102,0.923476104096188,0.932703952423118,0.931904006485926,0.938431957124217,0.932514791188403,0.931947901950469,0.926911020656761,0.919255092690656,0.910258665784665,0.897638829056147,0.884550885618717,0.876796679400011,0.858878479517988,0.843158434878464,0.813321569862109,0.782340593231676,0.743017400868815,0.72461072420904,0.690225255320787,0.675057303478441,0.661455645750888,0.64631055762699,0.63564830221461,0.641154242991794,0.623016292426602,0.615205321701536,0.604319408859178,0.596886765024433,0.588098220174398,0.590921971305082,0.57750060629304,0.573410534494783,0.569307233818854,0.564719986712209,0.562405356791702,0.544034044552937,0.531220542927456,0.516753250265784,0.550252674587388,0.515163286160221,0.526433162211706,0.511486098762162
"1965",1.05922989030211,1.05021114909486,1.04870750460777,1.04975465353397,1.05396931774287,1.05280918132577,1.04443346146643,1.05124405689779,1.04766444083752,1.05404131892971,1.04831299748773,1.04948283163185,1.04757595603533,1.04492323682595,1.04823210031824,1.04372244817323,1.04528730321179,1.04050683686452,1.03247878002191,1.02428199601036,1.02853682249133,1.03086374260805,1.02883756414687,1.02992156881482,1.02869852073247,1.01546232530095,1.00882023967273,1.0156506763823,1.0138600303281,0.999573605399629,1.0040196164257,1.0167233119453,0.999061637751929,0.998478664330132,0.990800655042477,0.986816753141798,0.969606126518388,0.953553203813593,0.949450802048162,0.942706849305743,0.927849784980429,0.938598229302872,0.929980124382037,0.935584553349532,0.929995216144691,0.922238233610627,0.921209325679252,0.946773524087878,0.931266473439559,0.92178541401074,0.921784741551083,0.929085118696395,0.928633040951262,0.934781487045314,0.92826939396191,0.926252826232755,0.921177806001363,0.911722670376794,0.902409599134458,0.888518462643014,0.873811516294815,0.867050744117229,0.846267563849679,0.829639009370799,0.800359220121302,0.766729460736308,0.728871426447349,0.707395641353049,0.674379153354109,0.659879993903064,0.64382394090624,0.628227486244627,0.61933333684986,0.623251391761948,0.606065018910568,0.599406966305005,0.585905155853342,0.580464918648089,0.574631879555728,0.571970252646455,0.554315660573547,0.557991007138733,0.552756879245648,0.546212250222506,0.544118046369818,0.52504430051613,0.525370011267044,0.493038187977793,0.525998932692949,0.496125243568887,0.513905223308583
"1966",1.05550693989885,1.05889237593577,1.05052372159041,1.04887098879379,1.04951389383343,1.05521212147848,1.05322620762968,1.0442763615632,1.05218680892712,1.04759338762388,1.05440498903934,1.0485449825872,1.0494394186584,1.04809503986525,1.04439175621779,1.04860963108172,1.04345376254044,1.04537845934787,1.04012419805708,1.03204657563602,1.02368858876688,1.02841644811803,1.02976696992874,1.02812871262853,1.02905232544312,1.02737429716983,1.01511143242252,1.00764695745601,1.0146096017625,1.01224165078559,0.997756080302897,1.0026408306133,1.01437460862392,0.997694055529843,0.996422528081185,0.989051712379563,0.985766366001516,0.967705109386573,0.951456065681084,0.947646002492204,0.940996790925236,0.926496456238121,0.937002700476538,0.927553732826043,0.933169269394013,0.927103466181546,0.9198708281104,0.918658177946324,0.944337073018815,0.92746809171906,0.918286219346427,0.91897057183856,0.92512034715957,0.924221728932401,0.929887741456103,0.921924620384509,0.919799508282635,0.914719997079923,0.903422145243235,0.894134534350624,0.878233849766341,0.861890412033734,0.855395653179477,0.833181098102349,0.814979431538217,0.784921362120414,0.751727100722431,0.71351305434638,0.690426845382621,0.657811277504913,0.642871883747051,0.626847823668728,0.612265963487367,0.602202446119966,0.605847026440904,0.587469382211588,0.587092098092209,0.572020923484808,0.564224725612652,0.558999706052062,0.55783469636463,0.538535497351187,0.537330535678203,0.529616922501815,0.523426146566019,0.530615936752155,0.512428441596162,0.512373782693706,0.466816421427515,0.501459884901828,0.469624115496035
"1967",1.0517522029672,1.05416120892761,1.05921837845261,1.05073479407579,1.04904863699029,1.04924181170465,1.05655045316955,1.05331615316464,1.0439651362334,1.0531203838888,1.04758490425392,1.05474288631409,1.04861069869294,1.04922262859384,1.04860975450543,1.04378911632298,1.04861294031914,1.04297213656531,1.04537835766468,1.03956605709238,1.03155911291395,1.02279073656049,1.02795722461111,1.02891823278399,1.0276993727682,1.02813634604968,1.02625854555767,1.01467111463522,1.00620160305043,1.01422335625407,1.01061786825847,0.995880364871654,1.0009241657168,1.01190689811773,0.996257169271091,0.994633783148038,0.987035233315261,0.984514603736614,0.965591897756342,0.949429802733665,0.945921304064131,0.938905629048067,0.92504131778976,0.934674876249055,0.924982191054873,0.931223877430879,0.923931550971128,0.91728006877159,0.914757342236155,0.942177123864467,0.922984389854132,0.914811965292687,0.915694139451193,0.921127820314833,0.918556278020914,0.925283579748733,0.914313925982795,0.9127391804851,0.908211629671609,0.893971878200166,0.884745598454254,0.866581825068488,0.848140893432498,0.841902038288674,0.818916845031839,0.798370092639989,0.769012422026194,0.736922474954469,0.696441593703007,0.671668037763687,0.639882005314003,0.625448751611209,0.609728509767126,0.594687834757052,0.58360791665281,0.588941050330284,0.570753145111938,0.567931580750129,0.555127860997863,0.549882433747835,0.536729250587675,0.539142981073716,0.519952413351573,0.516332307404881,0.52324418580703,0.503176394544441,0.524973436473629,0.489442215134159,0.50041094764527,0.458787949471754,0.459480617643883
"1968",1.05539441996031,1.05182398300626,1.05362450182296,1.05971287201031,1.05072351559693,1.04954607791356,1.04935210914284,1.05795576817889,1.05343470259509,1.04369743923005,1.05404078605575,1.04756163656129,1.0550165891923,1.04880148586042,1.04895473691917,1.04904126555497,1.04307952112052,1.04841405095788,1.0423378455303,1.04534792299297,1.03923588576515,1.03122938203507,1.0214368874435,1.02813216582099,1.02821276634388,1.02690482407838,1.02709011589091,1.02502480294428,1.01412411429435,1.00430396465739,1.01317359472651,1.00943780915841,0.994127859366406,0.999095658300234,1.00939247217234,0.994878634559501,0.992708832793509,0.985079384460857,0.983020368583101,0.963464309559697,0.9471872712017,0.944048312639252,0.936021387083522,0.92286595541342,0.93278533569012,0.922165886382045,0.928361322088568,0.92124928569916,0.914229116889719,0.910585349503321,0.939380395424496,0.917394033218524,0.909452721926619,0.911402243551203,0.915979553702738,0.912211367814341,0.918939430436799,0.906545960645073,0.90520629972143,0.899416787830926,0.883424671369114,0.872889495074402,0.853754719739909,0.834475066479713,0.826096804332615,0.802393783410032,0.781649152313151,0.752031025869115,0.718555957814896,0.679387353326334,0.652803380748156,0.622685840901833,0.607792217484539,0.591232749635878,0.577187981681709,0.566606360953623,0.570802257149726,0.550611994206022,0.547657709703976,0.53886042541572,0.535027569568304,0.520929381182066,0.518086084035133,0.502843433036853,0.498732799643753,0.496153752228382,0.477932094116229,0.506002185111466,0.475724935473173,0.484992951234671,0.44385237393068
"1969",1.0471971781485,1.05470681302799,1.05170879055426,1.05363970727334,1.06049396928247,1.05083413311695,1.04980684516909,1.0490453294428,1.05864165433775,1.05362301215467,1.04342530879086,1.05502278518342,1.04766981349869,1.05526546520294,1.04873810566148,1.04870367463499,1.04962212323825,1.0420219526122,1.04770168546678,1.04114775345692,1.04488880374146,1.03878386067952,1.02991726889394,1.02035797759961,1.02768895565057,1.0270631265871,1.02628968566042,1.02599891785809,1.02374922398234,1.01371658575404,1.00255023481581,1.01217609731545,1.00752031625028,0.991774329940263,0.997259372848173,1.00701521114775,0.994056093594595,0.99036597184784,0.982291596314941,0.981532922370934,0.96063617737707,0.94451562723806,0.942308081508768,0.933062245270968,0.920107654514059,0.930643638257011,0.919507802368665,0.925040939621961,0.917499331840889,0.910750564531154,0.906175618746305,0.93625293160882,0.911710859825143,0.905000871723604,0.905959812952984,0.909861573614361,0.906057204587845,0.910207524604489,0.897282966276391,0.895989782220542,0.888837082851291,0.870653175569996,0.859539538031616,0.839066073203725,0.817955771001949,0.809227681980186,0.785884598529618,0.762827454606289,0.73439345042487,0.699494735945537,0.661731204082035,0.633252399964624,0.60348792654935,0.588652194505718,0.572126664518433,0.559708392383854,0.550855582134968,0.553233341336151,0.532838033052385,0.525495978361377,0.518989715082162,0.515441255091354,0.502184396541881,0.500422932028058,0.479787974920041,0.481284931120384,0.476743299717307,0.454736860516725,0.488464916476082,0.454098145965464,0.467679961576177
"1970",1.0587631655326,1.04547323074998,1.05472997490479,1.05181416672332,1.05349095754282,1.06102240128176,1.05082623565368,1.05041764460131,1.04888702166509,1.0598381334253,1.05378478211986,1.04315427760095,1.0559542670159,1.0474772883009,1.05545154884564,1.04859625511863,1.04810365403222,1.04964417464788,1.04060446794506,1.04632362569308,1.04014386091191,1.04417175693072,1.0380070947613,1.02915904894392,1.01915309235475,1.0276165669236,1.02605765895224,1.02588379893236,1.02472680498122,1.02261814809672,1.01305893710046,1.00095797868307,1.01060542192431,1.00551801204976,0.9898502158993,0.995414470160404,1.00458812899103,0.992102811666775,0.988227313507954,0.979402728938464,0.979844185536852,0.95790716859411,0.941599427691252,0.940010252568884,0.930372031030829,0.917011963629046,0.92715269363236,0.916150774753654,0.921444168013723,0.9122391859207,0.905192200775687,0.90100393347561,0.932061495046886,0.906031995147805,0.898337722182322,0.899839328494636,0.902538228894506,0.899475285989169,0.90034322284611,0.886061361557491,0.884696742506261,0.876420755655371,0.85657944865781,0.845065963444944,0.823400612645957,0.798401959489901,0.790070998080158,0.766037418424704,0.74045948862693,0.714954949069729,0.677841073405986,0.63896755690984,0.611675133543267,0.581465802832297,0.568196321594705,0.552002269077448,0.537475469981934,0.529926412890295,0.530534378803024,0.513352693616706,0.508049927796285,0.497971264873937,0.500264221406231,0.481838265562001,0.48755581499367,0.462513536796264,0.461531084497517,0.460202813971629,0.43990107721473,0.461723575107873,0.43654049274152
"1971",1.04619275853731,1.05851775394491,1.04360066240833,1.05498908581143,1.05194543493762,1.0532663726509,1.06164040399817,1.0511252746789,1.05058122863372,1.04870384614271,1.06086724672017,1.0541237008367,1.04284370287624,1.05685051676399,1.04738674218777,1.0555185337297,1.04838694834692,1.04760241598498,1.04929161099429,1.03905116201926,1.04550716481047,1.03905872808388,1.04368774351139,1.03744796976655,1.0281765544193,1.01808854704186,1.02769192325249,1.02497439355458,1.02512815037435,1.02377840623484,1.02130113044807,1.01261730420928,0.999091064835926,1.00910626211631,1.0037453733983,0.98761333160755,0.993406044970922,1.00223142226901,0.990427873024713,0.985624454652312,0.976371750082324,0.97802159125186,0.954495151982682,0.93862528221562,0.938014115086672,0.926792273983284,0.914290306528174,0.923633928398911,0.912225630952549,0.916768603807478,0.907463729799571,0.900003848825819,0.895670085170255,0.926174118356337,0.89814920883725,0.891372529122864,0.894021876433643,0.893985273395048,0.891078518317201,0.889194592510549,0.87482945554515,0.872599736058962,0.863433119838837,0.840654710901026,0.830589918521557,0.80675954862383,0.780053160902291,0.770393964003029,0.744043340399835,0.718916409109462,0.694712262116885,0.656598213261503,0.617778030275885,0.590006768694302,0.560794290163877,0.546097998365786,0.532248799690006,0.517706931295961,0.510337025685286,0.508677871053958,0.497375256072578,0.489879747550563,0.481483262224168,0.48028721981719,0.461118931441304,0.46481392095636,0.447647886857707,0.444422459793853,0.441444944847628,0.42419561679856,0.44784290789152
"1972",1.04659647368101,1.0452817608146,1.05825073969463,1.04365979805261,1.05425731669845,1.05135888344362,1.05287691488664,1.06129469921211,1.05069792773816,1.05019327933475,1.04879287475774,1.06078612664807,1.05384098472688,1.04173594300944,1.05567974053423,1.04658745643415,1.05399884275049,1.04670161732905,1.04587788023638,1.04694029717577,1.03726006516702,1.04359344108419,1.03773279314981,1.04224184086411,1.03656558628653,1.02737983386566,1.0171620150931,1.02638997984122,1.02389491336062,1.02345384959374,1.02252418893399,1.01971495432837,1.0109847178486,0.99796638162146,1.00741910349548,1.00196590358261,0.986119785501293,0.99247889887739,1.00036370793751,0.988859214275456,0.983305693128749,0.973920783996194,0.97581030312841,0.952142850400428,0.936089867586912,0.935379808854576,0.923934344572432,0.91055616390207,0.919753938615965,0.908645407068796,0.912628292808387,0.902483213654986,0.895467588787034,0.889423349430475,0.919373180003152,0.891702632031084,0.885479502225369,0.886142524432978,0.885375035507647,0.88093933118651,0.879452612005346,0.8624244617926,0.858277539460855,0.848575182191174,0.824711775296909,0.813378815216685,0.788916176756917,0.762290241485925,0.750335525258963,0.72105715839549,0.697154749527668,0.670161586970112,0.63286399034484,0.595804074770052,0.569170933464341,0.53972953165514,0.528219592298661,0.510913906107285,0.502004560148765,0.491697238708928,0.494214139918544,0.478601283334314,0.475170417887887,0.458337581739331,0.461139838163938,0.436433063231698,0.44194091759905,0.420813873846255,0.418272380017827,0.430413544306377,0.401831642598192
"1973",1.05290882457766,1.04608901632673,1.04484767000246,1.05784160190365,1.04371416966171,1.05374867026438,1.05089169059862,1.05237043816382,1.06076619266667,1.05036296706709,1.04975127337761,1.04886530551227,1.06073444844673,1.05354486562735,1.04074905352454,1.05455040046279,1.04587739719913,1.05214368064655,1.04475596840056,1.04411926480005,1.04495093143611,1.03539541852021,1.04104992807189,1.03655258681877,1.04103403218183,1.03574771833527,1.02621047477515,1.01628636589787,1.02536865183326,1.0227272051656,1.02198823006228,1.02144097538731,1.01820722563054,1.00929576447182,0.996674563865835,1.00584071658454,1.00065421311545,0.984747282587446,0.991176115030277,0.998160120499102,0.986456742190219,0.981511910281902,0.97139043554932,0.973369396528492,0.950172892217002,0.934448043623759,0.932763710693964,0.921247468177637,0.907226073157035,0.916917857619505,0.905029721066601,0.908004437262957,0.897171198734097,0.890131748998132,0.883433997225863,0.912595080621931,0.883646776342999,0.878372130585925,0.878179488248533,0.875488337782042,0.871216307883362,0.867578483273529,0.849601724037685,0.846035086817523,0.834257872444713,0.80935480116087,0.794276437561076,0.770464236579315,0.743490585498166,0.729434802944286,0.702126851263412,0.676589902629826,0.649946352623176,0.612173080321317,0.576540767362696,0.548097681870735,0.522300298455192,0.506355976520775,0.495706083438252,0.485000174317969,0.468129995451038,0.476421589320339,0.460639590270677,0.454321802602348,0.439934285929574,0.445700142659923,0.417707062501686,0.413706955913067,0.401418402027117,0.404855844185809,0.406530662907501
"1974",1.0620855712438,1.05169481095833,1.04564262413565,1.04466122108172,1.0575989836793,1.04364450428281,1.05303080764502,1.05026718904111,1.05173009359676,1.06021597304552,1.04997919823247,1.0490739619105,1.04896772890364,1.06086524868084,1.05305053142263,1.03975070258924,1.0534211276548,1.04478320388994,1.04961821558604,1.04276044470722,1.04266489479315,1.04247012833538,1.03414193479193,1.03886331113585,1.03508567704895,1.04008552042856,1.03500562979745,1.02508212002764,1.01541282702853,1.02435537580715,1.02143551338296,1.02077705446918,1.02030850488075,1.01653870231256,1.00801248168982,0.995977450125042,1.00412766582763,0.999148951796713,0.983166346831629,0.989833212547497,0.996174618478082,0.984587530619154,0.978990803075903,0.968506320996702,0.970824593926978,0.94760357109368,0.932336759539218,0.929898500187035,0.918323397253264,0.903190725421251,0.912467306791003,0.90050532660114,0.902877869463276,0.890994402189797,0.88414897818331,0.875423463897769,0.905287680176579,0.875528019379852,0.870848540827454,0.868093754259703,0.864873317208594,0.859793587500602,0.854816212661826,0.836286131288385,0.831285185002484,0.816529985961881,0.791391767144012,0.774547645257477,0.751112386698583,0.723462661507933,0.707149868691538,0.679628831432162,0.653401831107418,0.627031908827676,0.591175288845347,0.55684157843655,0.527649092493472,0.49846194629236,0.484236884580352,0.473028849168617,0.460189723462229,0.452840749401943,0.458962963560424,0.441964451308544,0.43288222548751,0.41571581408063,0.419812485119895,0.401180467944639,0.399047740981682,0.382166671316575,0.391066918774544
"1975",1.05266835274896,1.06138301489433,1.05131877035906,1.04495042554584,1.04454404174269,1.0572757131459,1.04352532075598,1.05250386465585,1.04969109717442,1.05111388033248,1.05962293504039,1.04948186643576,1.04853404091543,1.04909938619113,1.06067198016516,1.0529098511774,1.03873875728984,1.05201674757546,1.04348653853597,1.04753106300094,1.0410039853946,1.04087969512818,1.04000048176809,1.03227824465986,1.03709564299111,1.03413247910294,1.03910152780488,1.03428619961305,1.02413299756549,1.01488968894344,1.02342962779515,1.02044952655069,1.01959441120805,1.01920524917746,1.01559918384902,1.0064101840153,0.994658685732097,1.00231846796275,0.997411401549557,0.981636365096446,0.988996419413305,0.99398828610619,0.982654376587723,0.976794507905798,0.965898290793645,0.967553179415599,0.944852966619428,0.930034409733709,0.925781679347533,0.914592327865306,0.898614317752605,0.907496759798763,0.895199117218654,0.896257912772394,0.885023572590715,0.877307116317581,0.868442072017634,0.896782517073771,0.866121433275426,0.861705513561834,0.858556217850795,0.853368679114954,0.846749931851411,0.840489818673501,0.821180482491621,0.815549186465912,0.797994776819802,0.773582711350572,0.753737774801076,0.729607898883998,0.703134540874704,0.686320116706236,0.656257989926174,0.630131953888329,0.603880807772657,0.568596196380405,0.534620065951999,0.504729749761853,0.477629648921951,0.464492337632317,0.457639091472367,0.438544138698724,0.434132193351204,0.446092751007433,0.423104161803514,0.408162343643224,0.405706687017294,0.398399967838549,0.378969791780587,0.377579149871178,0.358574710204948
"1976",1.04134113366175,1.05130370072631,1.06097197374541,1.05097440817153,1.04447685558271,1.04427190957425,1.05689959225356,1.0436247152732,1.05175186644498,1.04904995990078,1.05062589808219,1.05908370802086,1.04930686988726,1.04785764705533,1.04905428603943,1.06047561875888,1.05222175719471,1.03734624792451,1.05048516845854,1.04241027782657,1.04573495820904,1.03910666620921,1.038902981841,1.03815287158013,1.03064895231658,1.03491927652909,1.03320430350014,1.03786640613913,1.03365434912527,1.02323872860094,1.01417818593044,1.02253001923768,1.01970914667889,1.01826016319195,1.01832506316955,1.01403794412393,1.00443456513344,0.993498216011794,0.999594486690426,0.994947255859822,0.980259411162047,0.98762038781709,0.991477237035517,0.979992994433738,0.973763326593102,0.962930977234269,0.964761029764031,0.942106434817405,0.927112095821562,0.921013244243288,0.91105729479028,0.893915605077316,0.901547234679003,0.890225903338492,0.88947277737012,0.877989928437941,0.870349411376792,0.860116537010009,0.887397091064303,0.856752517910714,0.85061348456829,0.846903646164532,0.840786034112987,0.833161039626402,0.826125410044919,0.80482918845768,0.798560898367717,0.78082156621011,0.754269473507738,0.732363348889824,0.710730461079818,0.682061741982084,0.663787102263754,0.633816629829909,0.607255652588579,0.580008219806708,0.548171007937249,0.514432080891296,0.486697782841081,0.457170422110366,0.446138618390632,0.436015472737545,0.421087378194462,0.414141783582339,0.419582483485867,0.405238988300878,0.380410045760819,0.390431194538767,0.379688665455074,0.358117428783124,0.348193858999121
"1977",1.04640344914654,1.04122488809714,1.05071114192478,1.06049276224826,1.05069214137032,1.04395816126575,1.04419311045707,1.05643516495062,1.04359541617636,1.0510460387767,1.0484020188771,1.05011285203989,1.05848656675614,1.04894191962696,1.04736983907843,1.04904460008313,1.06041351068532,1.05147139194054,1.03577750237532,1.04887600512689,1.04099187171825,1.04365820450104,1.03715265698178,1.03704130922943,1.03583348320076,1.02900028087868,1.03313197355585,1.03198674714721,1.03690186654993,1.03307706105383,1.02215779128444,1.0133592247072,1.02153483424362,1.01864926867563,1.01698406773578,1.01674177721615,1.01274153092528,1.00220885042066,0.992077817118931,0.997474113273263,0.993329100256952,0.978742067597079,0.985734186889073,0.988851383312259,0.977265639705441,0.970385279805776,0.960001080309432,0.96155335899733,0.938863026407728,0.923088136635394,0.915979423593775,0.905782976828487,0.88849569941625,0.89570569736728,0.883616114627431,0.881620776404069,0.87031217751008,0.862358890401541,0.851836000070268,0.876800396995761,0.846852371574059,0.839360192281777,0.835135470887319,0.828835749767254,0.819951889391195,0.811209951315084,0.789457352087566,0.780732619524385,0.760897280569363,0.733100133509423,0.710329391765393,0.687143139386575,0.660138736672994,0.639502045595665,0.609967861362009,0.585233088232284,0.554048850458116,0.526643160938493,0.493544876125913,0.465617306136773,0.432312164412204,0.426234525761765,0.416568149087548,0.40054872705013,0.391830906127635,0.398251581063158,0.386914222141495,0.357015887223092,0.371521103591321,0.364761516946608,0.340322235179324
"1978",1.04641737461051,1.04545860843881,1.04181974754804,1.05016581747351,1.06025862984974,1.0504769199081,1.04323654769793,1.0442040767587,1.05627969794444,1.04342537882416,1.05040101202891,1.04801736217596,1.04963969051445,1.05798860579315,1.04844148490512,1.04668416185315,1.04884107659775,1.06001010851537,1.05083867806601,1.03424758052799,1.04723686400596,1.03971356526128,1.04164389737381,1.03553111654179,1.0357155564165,1.03390375130863,1.02779068603283,1.03124110368599,1.03112670852894,1.03559707494807,1.03240860816438,1.02118684316732,1.01244526964638,1.02032424729537,1.0174102172167,1.01540384244849,1.01544469211247,1.01136480307315,1.000351497702,0.990649409175139,0.995729379954998,0.991304669323584,0.977081314058089,0.983456712223559,0.986016260162602,0.974086965757134,0.966765535804639,0.956015964844252,0.957567839853891,0.934170273882925,0.91925645123326,0.91055959213196,0.900379915909951,0.882425881713043,0.888408971187028,0.877070969858114,0.872827131247543,0.861440056065491,0.852837783121874,0.843055173909434,0.865623171995491,0.836137838194045,0.827784665511597,0.822542430777819,0.813995916484481,0.80224248418196,0.796912554586738,0.772075506432562,0.759259422490031,0.740393298391414,0.712295479624417,0.689491796414172,0.664211758859295,0.637628540943887,0.615985175078713,0.587195363766452,0.561653447182306,0.533056816136385,0.505020202316924,0.470776913886425,0.444682943438809,0.416046513811196,0.408885901125305,0.399828624641935,0.382934380609332,0.375979611820587,0.381601302655312,0.374464698258861,0.330331705674356,0.351868469786689,0.351333457554145
"1979",1.04886886078496,1.04619867877191,1.04493017520065,1.04226233475718,1.04962310635029,1.05988627187774,1.05018108961023,1.04267393297643,1.04419915428037,1.05592356300833,1.04333717187106,1.04989656773371,1.04754264226222,1.04922284692181,1.05752034131044,1.04800918261395,1.04621955083936,1.04874914173761,1.05926446597805,1.04984667847892,1.0326565035239,1.04561085746127,1.03829250164225,1.03994594563378,1.03396028917278,1.03400740728762,1.03208296530731,1.02611781021532,1.02947205708345,1.03015291144373,1.0344745079497,1.03136359388185,1.01999922450778,1.01164102399175,1.01913870900419,1.01579492448417,1.01394174124851,1.01400180098031,1.00935862572342,0.998632336979136,0.988704133288727,0.993254861778986,0.98919132861234,0.974885367713254,0.981042423030313,0.982342564373651,0.97124747239073,0.962810620683029,0.951545364776906,0.953142127979596,0.928897262417573,0.914020836317382,0.90541924286832,0.894481919247643,0.876290508898113,0.880813347938362,0.868354526979856,0.862896206427197,0.852400385610093,0.842457146202645,0.833814209259345,0.852524327823578,0.823796612909942,0.815398436802056,0.807919090464468,0.797182672066529,0.785834959096552,0.77935402341496,0.755672202597327,0.74148760913193,0.721469163054742,0.692681536491144,0.668561015822999,0.641976405444319,0.615994619102927,0.59106917627719,0.564443468529091,0.535909933146386,0.510874103777489,0.481011461078452,0.450983593141812,0.426486709048546,0.397834871863251,0.390806602904637,0.382312583185334,0.366086471716262,0.359821857794628,0.363074293432077,0.360075805432723,0.317193481818829,0.344859749558177
"1980",1.05275478878184,1.04757425571929,1.04614796551224,1.0443364259182,1.04264742787912,1.04892036262761,1.05933666128649,1.04993373288206,1.0419652595593,1.04410751459059,1.05561582036878,1.04330770399672,1.04928190381126,1.04687727086753,1.04886470138896,1.05695006505327,1.04743062587418,1.04559689935082,1.04839172333278,1.05860976140366,1.04912435317145,1.03131981493724,1.04354813941085,1.03696078246613,1.0379874161232,1.03221971973541,1.03256460580253,1.02988809300801,1.02473051427481,1.0278961304742,1.02944880504842,1.03351283379483,1.03049718351224,1.01878815788141,1.01098653650873,1.01798289913937,1.01460057265432,1.01182480127872,1.01193619775937,1.00714002011395,0.996571382775139,0.986577706791356,0.991000592744464,0.987007749158899,0.972041513260092,0.978609028524422,0.978796068228688,0.968044338496945,0.958770364523495,0.947213406242084,0.94816564192995,0.923967544326617,0.909289596650616,0.900006402675738,0.888245917752643,0.868260594189899,0.872079896351614,0.859854460666107,0.852745205709211,0.84191619744667,0.831822291655087,0.822286375835739,0.838684092554916,0.811050041571062,0.800450099894167,0.791008720234859,0.782416931524131,0.770197020148217,0.760500493461029,0.735900078698534,0.720882790687451,0.701046837291036,0.671472074225245,0.646724342212564,0.619074570855221,0.592440038767774,0.568370145031407,0.543676895943563,0.511758450211176,0.487628589202558,0.45446243217296,0.429670661556579,0.402270425255885,0.378725772693804,0.373407247492117,0.369896144544032,0.347419632019657,0.344738384301302,0.347584569684439,0.338684394837189,0.301401344259276
"1981",1.05981968385908,1.05251677592278,1.04661151033909,1.04619229478026,1.04402186462052,1.04278092812383,1.04851082549378,1.05879525861744,1.0496453855313,1.04157950783588,1.04421765396426,1.05537110482506,1.04342879717863,1.04889755686145,1.04668165766009,1.04825292287574,1.05646923414358,1.04695723831481,1.04430666492406,1.04787109399688,1.05752210060434,1.04815324878084,1.02966431076209,1.04168567370766,1.03534638152883,1.036029520405,1.03039403105566,1.0309778363345,1.02794935122862,1.02339836400934,1.02615062974421,1.02824050487177,1.03193782002458,1.02967453064591,1.01754658491936,1.01008247787721,1.0169539962782,1.01287643530712,1.00962400199718,1.01020437745519,1.00471530824742,0.994329742631879,0.984482040521128,0.988564739590855,0.983722552308097,0.969261435029679,0.975244748588582,0.974200515427561,0.96424673945526,0.953856605083435,0.940701478829099,0.942821640645665,0.918072645988118,0.902538515969883,0.891876479085349,0.880487728944381,0.85905286730029,0.86189735496757,0.850630520985044,0.842213162825529,0.83021314438891,0.819006101113761,0.810248227232573,0.825037705835365,0.797611919744228,0.785292624732421,0.774242583601487,0.765168518944434,0.752601815231624,0.742287479251696,0.713942181122348,0.699080039246462,0.679678116981558,0.652728402269301,0.620912880547223,0.59442815066504,0.574485627059533,0.544759380502337,0.518835547959154,0.488795268460633,0.45528191683639,0.430605832013171,0.408316641079346,0.380196386336198,0.360565891608378,0.352479134213035,0.350757562163165,0.329803398230307,0.333419985548867,0.337356496515391,0.323758664802309
"1982",1.04793001209423,1.05910208808114,1.05232594490749,1.04658985018008,1.04632960893727,1.04385902172862,1.04213058943078,1.04825163626394,1.05852575322637,1.04932279196352,1.04224206405913,1.04496675560073,1.05508245426847,1.04343766838065,1.04922832052606,1.0472506009502,1.04789615117942,1.05548846883736,1.04625682492939,1.04299499267238,1.04702442285205,1.05605393112966,1.0473807310022,1.02927461315421,1.03970501882728,1.03433119792233,1.03429980823133,1.02891519296166,1.03030122593199,1.02612677985903,1.02182115335301,1.02469048202641,1.02669807180253,1.03050377313989,1.02808137122699,1.01596128549196,1.00816775902143,1.01462256354028,1.01084273825849,1.00835757297019,1.00786140583344,1.00249889652736,0.991654904361763,0.983095822458421,0.985045679178597,0.980489414301739,0.966782573990649,0.970338589459736,0.97064624142417,0.960296289996839,0.948854836798954,0.936087263244752,0.936382239562953,0.911613354073988,0.896210078778436,0.884854353613432,0.871847510754558,0.850986269357409,0.850827940093837,0.839517092870356,0.830738421059984,0.818634548506745,0.805964837108265,0.797536158055339,0.809829127825591,0.780982690925002,0.769777328571376,0.756740614272718,0.748567773581809,0.733685779774372,0.723267108315651,0.694615660799495,0.675524508719618,0.657531685672143,0.62947732694626,0.599267897925671,0.57098358407219,0.554087634257136,0.523244212931135,0.498573333364831,0.467624047207339,0.437558154875983,0.408265672785451,0.391028414559792,0.360337088260899,0.3447999645995,0.337641415532581,0.321922466560871,0.303824174810636,0.318501060446777,0.324104619102848
"1983",1.04391200291429,1.04725238266932,1.05864832026904,1.05223554402115,1.04642198889538,1.04650637155264,1.04353694202129,1.04178992202923,1.04813179410061,1.05835739249002,1.04912768964437,1.0431900818815,1.0456729577462,1.05480614062943,1.04343068999352,1.0495782814448,1.04764973462458,1.04710876301318,1.05449230233774,1.04586507219521,1.04221181723403,1.04680297749143,1.05414639839947,1.04640788901715,1.02867453357659,1.03764529658231,1.03321597723511,1.03293177889758,1.02726449051154,1.02947260084007,1.02454175203099,1.02045725475832,1.02301369100303,1.02526335354889,1.02918740686725,1.02629651187038,1.01445700900874,1.00628698491045,1.01242747770695,1.00877167315812,1.00698438959339,1.00537192529631,1.00039828509586,0.989097471987535,0.981237392906486,0.982200095727094,0.977750311882246,0.963978624210324,0.965408854244384,0.966713609444965,0.955584515083206,0.943610274464838,0.930138855988724,0.929427928373486,0.905212229808678,0.888061266459462,0.876946794736308,0.861885260530538,0.841453522394778,0.839800632433005,0.828518831023923,0.819000428087443,0.80635067769999,0.792111033016822,0.782516867640985,0.794599649669618,0.764092896578634,0.752595660496858,0.739504326787166,0.730395684748937,0.71389516200837,0.703949174296128,0.674181811822791,0.654639909995037,0.634704181015516,0.60618005157647,0.575385311349445,0.550235302474415,0.530422788880548,0.501611608470826,0.473657114069894,0.44360462594241,0.41730730835605,0.387584389020811,0.367888465427953,0.342408709866602,0.333548708892646,0.319444088862778,0.298124903427527,0.303695585507232,0.298516159770757
"1984",1.05461257048416,1.0433681709566,1.04763747777043,1.05863102572695,1.0520394244618,1.04637067842012,1.04676233415082,1.04321226976053,1.04121964351621,1.04787722593711,1.05821735130576,1.04893344803668,1.04393899984534,1.04638048331264,1.05423322667158,1.04350685939849,1.04962413248128,1.04813495984491,1.04643320258095,1.0534772044679,1.04539627641888,1.04100174363348,1.04620614826806,1.0522982294206,1.04524262499412,1.02814081326964,1.03545145695699,1.03218289412454,1.03124231631223,1.02586505342663,1.02826687204225,1.02260469509625,1.01919577894213,1.02151131663404,1.02396259940866,1.02738826917954,1.02400211766053,1.01307862920828,1.0043988886531,1.0098598817217,1.00620724106682,1.00566821962098,1.0025596657791,0.997910006718531,0.985610654785015,0.977893185996819,0.978626031424625,0.974277295301543,0.959331827403242,0.96067672377025,0.961884215592361,0.949590203937163,0.937011739584062,0.923914495721581,0.922090453673076,0.89788724023406,0.878679830198381,0.8680986627868,0.851556819298514,0.830081343328263,0.828162558997565,0.815459123138281,0.804913261407967,0.793658895666225,0.776558246775119,0.768689312374919,0.774595978355073,0.747159910822325,0.733882227437906,0.720498099176427,0.710613005255808,0.69367507131792,0.681996554738016,0.65141503188604,0.634549467051039,0.61158092621397,0.58458062017072,0.551144513732655,0.527775893644441,0.508897087257595,0.479523447108054,0.454709385065565,0.418374329027311,0.396319126091645,0.371871959736153,0.351467882397046,0.327586515566536,0.319197911755074,0.301592274362174,0.283596292336791,0.294837888790444
"1985",1.04940716136697,1.05387924956079,1.04312480643025,1.04788286425957,1.05844319870387,1.05190634954431,1.04612546277093,1.04688988941962,1.04298319046175,1.04077996795198,1.04763862141144,1.05817437124059,1.0488545055731,1.04483834450783,1.04713675141147,1.05372247715529,1.0433224297181,1.04972235920431,1.04831184519429,1.04582244180079,1.05248446377989,1.04481112036786,1.03973819563869,1.04567823496842,1.05056009474267,1.04458753475099,1.02774155777505,1.03371775668803,1.03090437081302,1.02992601279419,1.02437592446363,1.0270462421284,1.02097696524368,1.0177546984827,1.02027809358878,1.02256280352521,1.02555209123445,1.0220032921919,1.01081080322293,1.00229791107057,1.00680445869444,1.00393132670663,1.00343104256062,0.99999362999305,0.995109017733291,0.982506987591462,0.974150594688886,0.974370203078437,0.970019690400126,0.954548458678577,0.95400046993842,0.95626293450188,0.942612353732209,0.930597435081118,0.916666679949587,0.914184840985055,0.889855734573358,0.869711678581215,0.85821245002313,0.840447990575501,0.817600014722143,0.815854657836751,0.80234204144813,0.791002975009137,0.779063977011623,0.760722507161757,0.752705265096059,0.757006656356155,0.729958720214751,0.71770339280246,0.700866468884521,0.689236510536765,0.672601701847403,0.659206271476497,0.62862523091033,0.612734781202577,0.586730384891321,0.562271828109169,0.529847703162252,0.509246315425268,0.4876914889488,0.457396435474133,0.43660237959021,0.394360032937408,0.379453572087872,0.352849973716314,0.337202739568826,0.312525293798449,0.303413566218901,0.289803157133658,0.271296965595731
"1986",1.04902934505552,1.04929680607251,1.05345786445125,1.04313893252447,1.04802043231465,1.05829680391198,1.05174432343219,1.04614274101635,1.04723922805212,1.04289004555829,1.04025381687046,1.04732388084866,1.05782365726731,1.04851839438332,1.04571323216411,1.04753420797948,1.05324481671019,1.0431061628567,1.04971672847294,1.04835875368574,1.04482886613937,1.05138699143728,1.04426983122339,1.03849541344995,1.04479252195599,1.0486080030851,1.04344104795253,1.02754691694004,1.03169606105967,1.02978502044862,1.02832251021359,1.02270084242373,1.02597069855056,1.01917796705314,1.01601318882639,1.01872436147131,1.02071837294812,1.02347863082045,1.01962785677946,1.00932746439856,0.999830795702019,1.00334092023705,1.00099441042888,1.00103437864481,0.996669571360642,0.992006229693291,0.978452601925747,0.969834702604445,0.970444374381052,0.965172943327808,0.949624337064016,0.947415766820957,0.950449223969852,0.935105958707294,0.923570021260436,0.909560129671903,0.904853590641556,0.880744836526974,0.859519660380529,0.848274733303359,0.827663655584415,0.805617868531477,0.800718910599318,0.786734810204585,0.776069129391116,0.764203484444978,0.742955113774193,0.736930698167054,0.738656007162014,0.712560074635046,0.698652929385793,0.680128382779462,0.669222048016383,0.650551835035826,0.636275401654611,0.608247308785383,0.591649683720192,0.564402062458942,0.538848498936009,0.504908601319941,0.481487854595512,0.463836430892726,0.433019231566394,0.41824722445527,0.37563414377434,0.359009272381776,0.334540983886711,0.320854160116523,0.306892003379063,0.286437043563906,0.281763012637458
"1987",1.05416671535644,1.04780092473863,1.04934985703224,1.0532600372697,1.04279321164211,1.04820481950267,1.0581474696971,1.05151783164253,1.04595531813923,1.04739156039665,1.04278351210047,1.03977171272802,1.04702920946427,1.05767341310745,1.04836313025962,1.04640352927983,1.04804744040285,1.05262448789212,1.0424523292212,1.04919004669253,1.04852412345628,1.04405572672021,1.0500197915842,1.04367752259347,1.03721934846852,1.04437827828874,1.04689242817897,1.04252425024227,1.0269771158586,1.02958650078061,1.02837498164366,1.02688132557675,1.02139667026536,1.02518313305532,1.01756879128584,1.01468738557523,1.01704902783584,1.01914496870404,1.02160055942049,1.0173226957219,1.00703107690247,0.997241136392846,1.00061612123835,0.997956826447528,0.998904438735655,0.992995841750589,0.988466929764968,0.974803001193023,0.965804561186522,0.965925073061204,0.960392029696667,0.943064659589415,0.940410564518352,0.943273846189293,0.927470666501237,0.915200940968671,0.900363357855487,0.894536957761853,0.871202466537301,0.848361427668414,0.835856314290819,0.815070519711824,0.792102504162744,0.785994727925277,0.771500009563608,0.759137221906846,0.74683525064257,0.727912306833851,0.720270757460376,0.719872402800124,0.694617785551115,0.680061052314147,0.661300995930252,0.649982926708257,0.628874796976505,0.611900525263192,0.583792661532145,0.569033367804028,0.542344482926916,0.517411502183326,0.489679678550992,0.462180947991933,0.438412650908557,0.412039912679385,0.393840111829364,0.352700598056317,0.340482651564127,0.319266257763146,0.306942482176253,0.300095757701308,0.271315336937206
"1988",1.05519052104399,1.05315757776807,1.04733005239356,1.04959246294927,1.05303448302004,1.04241368203264,1.04835555012812,1.05798473545321,1.05145162499314,1.04569441966378,1.04768026170668,1.04262272986497,1.03920015829857,1.04670070846843,1.0575156707746,1.04809221573436,1.04719167916217,1.04839691318339,1.05165818394491,1.04192596171355,1.04904122750042,1.04858374204087,1.04305779842083,1.04888007316985,1.04299796273792,1.03582099291603,1.04373800095799,1.04508766795797,1.04169511438667,1.02660017348265,1.02757544146632,1.02703007046387,1.02532366883134,1.01975539352066,1.02419193015924,1.01584295490243,1.01325176034916,1.01533269291094,1.0171753009346,1.01939885208535,1.01435359848659,1.00430417012197,0.994128550497423,0.996988374912308,0.995161889866449,0.996088161435875,0.989018287050126,0.984904559086787,0.970187623973855,0.961743877347533,0.960911917098446,0.954437818055419,0.936307726453066,0.933054591573637,0.935722415020716,0.9196075743901,0.906431713963689,0.891604196100616,0.88498639726756,0.861352763893497,0.836246664250076,0.823201591486838,0.800175306157365,0.776844241164878,0.771120053044063,0.75585204050892,0.743846619321402,0.731226859479389,0.710418851620137,0.701682278238854,0.699307238997474,0.677132754503212,0.662499815261346,0.641179376071509,0.628178643697353,0.608870216603835,0.588749690951829,0.559922996391062,0.545254499217039,0.520018865767386,0.491684190269098,0.469749613630183,0.440191558302525,0.422598434675317,0.394890265535097,0.375788719475975,0.341039986527702,0.318591598412803,0.301907657855112,0.28882015024304,0.293134777193046
"1989",1.04445474624023,1.05546683971422,1.05267762840816,1.04689383810979,1.04991520296937,1.05272881666604,1.04215117909421,1.04863992068922,1.05774761773165,1.05132300115312,1.04561095523385,1.04790927458572,1.04245786241245,1.03854359210628,1.0463972775759,1.05718170107579,1.04763343882414,1.04780854574964,1.04889119071934,1.05060131284354,1.04143801169332,1.0490661548975,1.0486133404787,1.04207816130329,1.0476701365611,1.04237299290605,1.03473870347133,1.04304503696378,1.04337290684405,1.04097745797508,1.02632978007028,1.02550064073778,1.02582654256042,1.02327168690791,1.01825380668502,1.02290557663333,1.01343374251987,1.01145348208485,1.01342183133561,1.01499091878876,1.01668910690712,1.01174011349288,1.00226706106362,0.991258845199745,0.993632880112893,0.99193342632237,0.993056202829184,0.984652749103047,0.980063467053152,0.964542141992981,0.956571173287158,0.955728668148629,0.948277847789292,0.929675385847173,0.92462805990488,0.928221538443651,0.910741096854852,0.898038688427093,0.881700789584358,0.873184913930803,0.850009500775743,0.823726279372445,0.810417782963488,0.787725442609835,0.762504194051995,0.753501459100826,0.738120278311691,0.727361308593124,0.714055905024701,0.692803034107884,0.683806652942128,0.678796476748098,0.657096281991451,0.640179822182849,0.620204568190531,0.607689981731612,0.587974450917007,0.567013395312565,0.540190805207879,0.522573875688206,0.499206473281394,0.469335984181822,0.455293558273724,0.424433794375538,0.408231603093524,0.372152909368126,0.352423100940363,0.319739451857194,0.309057127689983,0.286270446706617,0.279295096379693
"1990",1.04401278468978,1.04415158041356,1.05615166655129,1.05213627356399,1.04621130901662,1.05027961705021,1.05246645071305,1.04184388402124,1.04883594700826,1.05757419493137,1.0512696066212,1.0453581725344,1.04835530280187,1.04227977999171,1.03799886594134,1.0461416171708,1.05675164849142,1.04719197395016,1.04806667914053,1.04911255468391,1.04950952801523,1.04105643503572,1.04863713647738,1.04855262731369,1.04098725226346,1.04641461240312,1.04180038619844,1.03357211866854,1.04240887996222,1.04157421927987,1.04010068871052,1.02567773456635,1.02363718649595,1.02418591766056,1.02175161021131,1.01669599436097,1.02158023671099,1.01126068302612,1.00973620254779,1.01140620175106,1.01291616608305,1.0141061314117,1.00918097888918,0.99923296407558,0.987747089996146,0.9895254774757,0.988113982577486,0.989064748201439,0.980746885480588,0.975831463266011,0.959042768727577,0.952070585776835,0.948896204128116,0.941540585048189,0.922889102401944,0.917149788233384,0.919805997422918,0.90151438454621,0.887474728824827,0.870230888107817,0.860444782476628,0.836643985041044,0.81030764510451,0.797625149224035,0.772296123009691,0.745575516228278,0.737600524371079,0.72070075995955,0.70916500026017,0.695011470901239,0.67597104687794,0.665047306320261,0.657010924516419,0.636865054551447,0.620057709906595,0.60097590545898,0.587615829163932,0.566453997894681,0.54657042799207,0.518736125092997,0.504425148077255,0.477815932886034,0.450126078902565,0.435438233247054,0.400717576573712,0.387017688637981,0.347523364776329,0.336641772501528,0.303407183618664,0.293017033602854,0.275346487335291
"1991",1.0515422889702,1.0441021055133,1.04395068936236,1.05695901495723,1.05167395917086,1.04577242158023,1.05041143001395,1.05213958611692,1.04145914166936,1.0491610232039,1.05745873954185,1.05116400997347,1.0452117012008,1.04865863389768,1.04207830910292,1.03765566189215,1.0457314428311,1.05633387861349,1.04643294663715,1.04876757845322,1.04946189451146,1.04829859627528,1.04007770047905,1.04800953119703,1.04859861270875,1.04014941177597,1.04488282170745,1.04087035647515,1.0325688851939,1.04180894974744,1.03950275468474,1.03903820866339,1.02496454115536,1.02165980257442,1.022954845773,1.01988537221693,1.01453765639197,1.01984054484389,1.00856754832383,1.00719940595929,1.00890069691044,1.01021838724994,1.01100151297442,1.00589565195383,0.995396949784295,0.983568627020749,0.984746328171473,0.983090345292388,0.984071376716083,0.974687196913063,0.969701185592663,0.952326204623361,0.944899574635689,0.941673600342902,0.933045774127488,0.913465926791277,0.907751165565684,0.909470860368591,0.889739202257437,0.875022848629235,0.858396287255282,0.8458026295294,0.823206472696743,0.794831570913137,0.781070928551209,0.755080159937201,0.728971143177426,0.720640092374198,0.7014242304081,0.690046409936413,0.676191063834952,0.65716536384892,0.645801193181423,0.635309677058823,0.615776451935915,0.598057671557744,0.578420958195782,0.564879118813129,0.543907606268763,0.524228059501664,0.492046899640509,0.480517046021084,0.456688982136947,0.427129466993906,0.411495772745163,0.383341467500965,0.36238843785189,0.328888002752739,0.319294408128605,0.287823687561907,0.284085025599724
"1992",1.05897294848823,1.05172017271266,1.04382084039166,1.04393013793517,1.05667411986999,1.05167712568845,1.04576724207391,1.05055734358633,1.05205269983389,1.04093489989391,1.04871581358091,1.05712988544477,1.05091758622562,1.04497418894037,1.0485215115266,1.04196061181234,1.03760636929843,1.04574249521454,1.05607182387019,1.04666096544725,1.0478884825051,1.04902382703435,1.04828549564179,1.04008062721052,1.04780559380981,1.04836273976401,1.04027284137361,1.04462039009893,1.04045661360275,1.03204290074972,1.04097590650898,1.03872327403892,1.03844094752503,1.02466349466667,1.0209058564737,1.02216439396588,1.01922463001163,1.01325237945125,1.0183515447339,1.00730164575574,1.00557029066526,1.00717146003983,1.00806349335719,1.00858199586247,1.00285990724224,0.992705365412195,0.979814630609035,0.979785620620687,0.979052037740707,0.979805766792522,0.969704934300131,0.964945637119288,0.945458064895905,0.938420301940928,0.934452890364397,0.925550257756387,0.904886110171561,0.896849124720893,0.899956661449989,0.880096120193257,0.863378358521258,0.844858051793765,0.831933724986962,0.81039547063538,0.780269797637785,0.766009038832974,0.739575207046713,0.712241126216447,0.702857065199388,0.683408397483237,0.671952230450145,0.656245500025184,0.638829723218788,0.624774719349165,0.615741731612356,0.598259157465846,0.576089674462374,0.554648440682086,0.543698320674004,0.524361011058894,0.498446287205547,0.468962523983078,0.463436244598929,0.435611417489849,0.402070173612133,0.390594528814068,0.363641453687194,0.341906258259669,0.309687706658888,0.310838356311953,0.272640645043064
"1993",1.06014539801876,1.05894354791248,1.05179824350362,1.04362298817275,1.04392144448445,1.05624541370381,1.05169127279397,1.04581323253797,1.05070829744398,1.05202696182872,1.04054696312163,1.04820511228272,1.05676215633699,1.0506056597665,1.04471248915887,1.04827608592344,1.04178106844934,1.03739516123006,1.04564379144441,1.05569414557223,1.04678602002457,1.04705437951848,1.04834185131362,1.04820850765763,1.04011414942948,1.04768778675537,1.04817161563639,1.04064002078238,1.04429983789226,1.04029574365688,1.03183176462928,1.04009076802762,1.03858920400283,1.03763215508297,1.02406421447168,1.0203103484512,1.0209216948894,1.01827872837596,1.01196525413918,1.01698872300175,1.00628775557088,1.0034819245285,1.00469544483306,1.00545486345228,1.00553482385041,1.00000491713372,0.989577281240113,0.97593074013445,0.97503341066464,0.975063011757464,0.97535023962572,0.964035732290553,0.959089834910995,0.938551826589316,0.930597399383917,0.92712872603166,0.916135224613792,0.897191171220561,0.887310377993763,0.889238178735377,0.868226055666355,0.852100586073537,0.831460464409042,0.81864675094305,0.795799805985396,0.764092765810237,0.750038932966045,0.722501198124381,0.694834896564938,0.684205142853067,0.664826327823674,0.653411950547164,0.637700894049193,0.620531239558971,0.604033198604248,0.599244009368927,0.577724647392058,0.555637222389334,0.532995578207518,0.52171587325928,0.505702651797006,0.478316196201738,0.448455107931035,0.443792629606496,0.417583164174158,0.381364722684827,0.372025404996191,0.343184373098462,0.325368346863393,0.287235793958816,0.291433380750175
"1994",1.05231668211475,1.05940793086372,1.05895107414311,1.05170837122335,1.04345053414261,1.0439116980084,1.05578713806786,1.05179530468531,1.04577715976428,1.05067288414705,1.05197095542513,1.04015718178913,1.04782524097575,1.05639407899423,1.05021986813409,1.0444776374822,1.04786313829836,1.04161796530927,1.03702435155711,1.04514259314349,1.05537405008622,1.04678263808944,1.04633892456264,1.04785066236931,1.04793563607031,1.04047613123983,1.04722891094536,1.0480430580387,1.04084287298851,1.04434088663666,1.0400213482933,1.03128680699783,1.03934291386835,1.0383556374468,1.03723477741653,1.02347652294692,1.02004667558967,1.02006871286552,1.0174392319325,1.0109195989107,1.01555014607365,1.0049037767951,1.00189521030849,1.0024321532092,1.0033385185242,1.00308415934739,0.996934482450957,0.986400436932991,0.972225093682258,0.971561783910107,0.970088514817575,0.970134198218525,0.958529667891884,0.952908864547071,0.931939119647467,0.923348464964012,0.917742991857488,0.908185040304802,0.888293667519735,0.877175478793855,0.878972134701187,0.858279661135215,0.840353487983155,0.818350578477215,0.804907010620189,0.782493935281861,0.750531865642265,0.73491084996427,0.708015056642081,0.679267828420013,0.667864483538831,0.64691791333096,0.6343409376189,0.618799360929766,0.602378178852619,0.582701076467983,0.581813156148978,0.561807603489377,0.536136672246059,0.518257647752438,0.498542393679387,0.485443932596933,0.458405435392143,0.431349491292981,0.425032101380941,0.40115204371793,0.364359887007379,0.354021110985045,0.325993649678091,0.314349604948073,0.272974834040305
"1995",1.05267406288367,1.05192861073499,1.05914683979873,1.05906783556835,1.05153819307096,1.04341185993529,1.04383736478317,1.05547600815668,1.05196415017581,1.04568166013665,1.05074492412062,1.05184970318546,1.03966697302934,1.04737795454976,1.05598788591615,1.04966242648546,1.04415252598794,1.04738460941568,1.04120535419322,1.03665633070618,1.04467458995675,1.05487832633744,1.04699672078497,1.04548918162852,1.04743024942448,1.0481110945422,1.04052883424201,1.04673447332902,1.04748957384968,1.04091979789158,1.04396164074956,1.03982253578308,1.03067610839946,1.03862374392531,1.03820658464012,1.03675636481191,1.0230182216354,1.01950698650715,1.01890867509984,1.01616922738489,1.00949033441107,1.01404857075966,1.00329735541841,1.00034169166801,1.0000788283039,1.0011786333829,1.00043302916315,0.993578092383776,0.982728753870319,0.967032034749559,0.967391824289072,0.964936220689408,0.964534176010459,0.951767507153811,0.946521916351697,0.923829924013338,0.916509320950476,0.909144320469441,0.898202844505603,0.878604244516051,0.867575409912474,0.868713067097608,0.846912487669328,0.826556146442789,0.805062519677055,0.79230029492581,0.769320553326073,0.736327684072821,0.719637739280541,0.69139967450926,0.663046642808927,0.650067447819346,0.629276646652928,0.615687462387323,0.601341488128417,0.583736132325012,0.563074941707389,0.564416941795418,0.542351582932135,0.518424567119445,0.502799865532338,0.480964639418413,0.47063012710002,0.439537286503499,0.416620196188977,0.413302490784545,0.386288777671559,0.34746106750737,0.339253422073506,0.310674218835568,0.30692896506977
"1996",1.05565620316559,1.05217873568856,1.05193264739946,1.05889021265167,1.05906313085074,1.0514572875522,1.04327421247223,1.0438898476767,1.05516806022059,1.05208446613442,1.04566254938887,1.05086506213533,1.05177785305132,1.03931033489021,1.046944353155,1.05555967377681,1.04939841113502,1.04366268953386,1.04679863394525,1.04036311564194,1.03632863683038,1.04460464977109,1.05449803282191,1.04675791227174,1.04470447282706,1.04691039472093,1.04818046644067,1.0407629331562,1.0464278680878,1.04708336937269,1.04088966441266,1.04399920215196,1.03952223604067,1.03064149431145,1.03738878825116,1.03753063171124,1.03588868058841,1.02253044637516,1.01915152975036,1.01751404859755,1.01511270900317,1.00781667254721,1.0128384554246,1.00134317559085,0.998231147603872,0.997742678831194,0.99801867643911,0.997493343780364,0.990216082217108,0.978894954388708,0.962884415329844,0.963098312199617,0.959982376043787,0.958602918363045,0.945085864726828,0.939385005540028,0.916442400104793,0.908742643415167,0.901277244866886,0.889122307704439,0.869666897991717,0.857291790520031,0.857049613002456,0.834868873791893,0.812522124657877,0.792198279735133,0.778258360578611,0.754233137322212,0.722467631292811,0.703246656946719,0.675120414119309,0.64618562511117,0.630191999566313,0.610414692329018,0.59638872153196,0.584066308059917,0.564437061507156,0.545411717458797,0.546486279372234,0.525897557453203,0.49863095863161,0.482460396189717,0.463627090493749,0.450494287648458,0.421654590470313,0.402896370557142,0.395227839927398,0.36953808077399,0.332277015170006,0.317580905836157,0.297510607066015
"1997",1.05531792351055,1.05492804679379,1.05202859643178,1.05198468851692,1.05873697270767,1.05900674276633,1.05136006173204,1.04313470893107,1.04387668645738,1.05477588918812,1.05199485517512,1.04557636423585,1.05092075640706,1.05173864396757,1.03892366717552,1.04638087539149,1.05479772898933,1.04875254448905,1.04286414170851,1.04628544226902,1.03973653703766,1.03605477946256,1.04445655849251,1.05459765409279,1.04681721565324,1.04389930681634,1.04653475010839,1.04852025093846,1.04060879669314,1.0460405960769,1.04676727044267,1.04118865385607,1.04370539840896,1.03932464527564,1.03043311163928,1.03639550911527,1.03673968318618,1.03528379715721,1.02168187184862,1.01849645014181,1.01614271414419,1.01393655385899,1.00639857753337,1.01116726278922,0.999187212304204,0.995644887047537,0.995202106253804,0.994984733549822,0.994055787292934,0.986505873024654,0.974412853751879,0.958117851723825,0.956941883116292,0.953971055338602,0.952249633864603,0.938169387663286,0.931764122168309,0.90850162114317,0.8998185526592,0.891618415794753,0.877818309156806,0.858828151307666,0.846626601357867,0.844192710628762,0.822505743021722,0.797428743085745,0.778552207385081,0.764825895831954,0.739318818731303,0.706590295180135,0.686390485030576,0.659355165921635,0.628153580052296,0.614931788450757,0.59329955757054,0.580161611353335,0.568202902490424,0.547018796007774,0.529006159300685,0.527904398884245,0.508382146661793,0.48410099135792,0.468747166533842,0.444433175682381,0.43484500141998,0.404236855360398,0.386882533289868,0.377401446617347,0.351993729899192,0.317957648293848,0.301174234980411
"1998",1.05484182633463,1.05602553629793,1.05430984234201,1.05170136490225,1.05217457608856,1.05858215024914,1.05909916553817,1.05119556149264,1.04304390476999,1.043976508025,1.05444595354125,1.05198348383837,1.04550935320723,1.05097735005245,1.0517297173894,1.03837654448173,1.04588085662881,1.05409959406423,1.04780053267563,1.04207006051055,1.04534213019348,1.03900905105261,1.03567109266591,1.04407406034522,1.0540909043394,1.04685148552336,1.0430680437208,1.04596700867111,1.04878093089572,1.04078010781725,1.04592550576091,1.0465193235165,1.04109126335771,1.0438826842023,1.03931231964351,1.03025819298958,1.03603228871605,1.03608070183482,1.03453837377269,1.02087402034908,1.01733602078822,1.01438881743921,1.01276176947894,1.00446921817375,1.00868397910276,0.997332416875148,0.993363164932053,0.992344913309661,0.991365377087573,0.9897244313099,0.982071566099461,0.969779233680261,0.951938725823503,0.95198717196825,0.947235701086362,0.945376825817635,0.931058413268776,0.923343217678071,0.900672053548267,0.891374621959447,0.882162577447234,0.867100917179342,0.847356396772695,0.83439234696687,0.831719170286587,0.808100979961238,0.784868282059431,0.763143346558021,0.750060173796419,0.721174651227434,0.692221958051107,0.670120036484681,0.645111860741814,0.611392281012292,0.59811043135772,0.575887966290742,0.561735626066489,0.551109182043682,0.530102653827036,0.51403123198421,0.511677879515382,0.494493166267621,0.464710747030273,0.449413470316813,0.426292779511015,0.422855948543454,0.393919769352809,0.371686118520954,0.366285216958846,0.338951254078639,0.308355087805847
"1999",1.05784069571324,1.05316730268594,1.05719024126382,1.05373249164494,1.05134029995158,1.0522480767365,1.05847839769915,1.0590399764464,1.05099728057609,1.04298664334734,1.04396313769115,1.05416385625572,1.05214709451366,1.04548957480066,1.05103453090075,1.05141905762812,1.03775722040496,1.04518616139324,1.05324115105589,1.04719454947731,1.04112322031782,1.04469095139173,1.03862229759185,1.03539377364674,1.04402443413965,1.05365042256289,1.04691819662409,1.04220815895948,1.04559554875752,1.04888183569258,1.04098246231513,1.04573650151483,1.04587397513422,1.04117433639883,1.04375981834102,1.0391326026549,1.03003786606118,1.03527431210455,1.03519030383502,1.03407320802814,1.01958188369734,1.01609224232032,1.01265761487423,1.01106311261406,1.00275310239516,1.00637458350161,0.995126287535711,0.990359513339842,0.988923929278339,0.988053626227592,0.985559874964034,0.97741564801747,0.964476647419581,0.946604886155438,0.946639697509783,0.940614615162974,0.938241129190857,0.92376418028354,0.915802578124333,0.891766265894735,0.883213323499268,0.872576192218892,0.85639280572913,0.836520689242427,0.821538830331305,0.820284339931993,0.793884105168152,0.770616756807868,0.749079887904823,0.734816662299583,0.707199840143523,0.676610723686841,0.65311449120518,0.629013548918827,0.595253640833896,0.580546227907686,0.556205279094497,0.545092016631686,0.534341283308566,0.51230821527731,0.484123300045165,0.490882370719618,0.476700843288564,0.451212684805513,0.432082887949755,0.416545310371881,0.405188405912407,0.379366345340666,0.358804882655436,0.357315150223737,0.325492708975149
"2000",1.05156701986175,1.05618904961828,1.05157645050513,1.0582071087113,1.05310514695943,1.05091779728651,1.05239708796362,1.05825507770407,1.05919870134603,1.05095025733548,1.04302746795962,1.04385534849058,1.05381726663435,1.05210540182889,1.04535933711693,1.05099674134307,1.05125835159502,1.03707206424383,1.04430640893458,1.05218938174193,1.04640435942643,1.04023260937703,1.04395653088521,1.0380601916381,1.03498619277315,1.04357204647568,1.05346507927603,1.04711860043837,1.04156100365827,1.04490162781581,1.04891965154282,1.04112813002548,1.04544623542867,1.0451544414324,1.04120603829361,1.04361853733851,1.03906559707647,1.02943573062822,1.03423534969686,1.03444960426068,1.03317820288287,1.01856485692342,1.01527424175753,1.01055704639004,1.00981587317778,1.00043200580166,1.00418589385892,0.992504005514465,0.987163308504228,0.985507662409232,0.984459008510963,0.981649390090475,0.972901360100565,0.958664547666939,0.941650631435367,0.940603036703644,0.933874358321029,0.931440300123924,0.915560919201901,0.906202944474304,0.881528132107898,0.872641176440842,0.861601629909398,0.844198217508069,0.824875748060288,0.810928856731569,0.808418559142274,0.781411389000928,0.757045514559837,0.735372564606746,0.719849169741147,0.692557212009123,0.662588222352171,0.637441814529426,0.61225439409637,0.579069500733023,0.564113940054201,0.538836769427741,0.527852368267551,0.517185160344876,0.49812595233468,0.466368942421853,0.467811119899809,0.461293584911891,0.438882272152867,0.417444663053962,0.399522768512303,0.393648175392958,0.36527699541422,0.34548064533865,0.346102487447779
"2001",1.07113761251297,1.05504162254962,1.05469777164632,1.05006494042022,1.0592505121739,1.05254688574651,1.05050120868897,1.05247483905565,1.0581318116321,1.05921995807592,1.05088515362078,1.04297031216824,1.04382239892219,1.05341210834196,1.05227452596185,1.04532717646693,1.05109167506056,1.05096750205001,1.03631717202447,1.04315356533902,1.05112898368675,1.04560206403711,1.03933248213458,1.04315629476615,1.03755179775848,1.03477360047875,1.04333646454165,1.05324230115786,1.04721480767829,1.04085741814865,1.04427836209786,1.04894095578126,1.04130096857014,1.04520503787091,1.04483333368345,1.04128887980363,1.04345688954341,1.03861820943537,1.02867880998771,1.0334320493188,1.0338830296058,1.03240987479049,1.01738737226949,1.01407234488056,1.00868125078888,1.00780166333885,0.997939045036256,1.00166021036372,0.989895637541755,0.98406751451406,0.981321439836348,0.98064483062578,0.977486944690292,0.967872994625613,0.953284682313782,0.934855266554379,0.933625734072188,0.927564161922186,0.923847713570131,0.90704845233372,0.897127511808612,0.871088792775279,0.862068170677801,0.849462386015431,0.832170033381837,0.81371705194916,0.799512896623893,0.795528757128816,0.766421099921678,0.742467550431422,0.719437119643055,0.703542113993223,0.678224338258054,0.64586605606693,0.621800737376676,0.597017034926128,0.563351722434688,0.545838324146519,0.522324587339837,0.512597202392991,0.493410451067166,0.4782599472122,0.454019691794975,0.452603662655882,0.442877203644618,0.42129782705384,0.404516097082925,0.384467032804009,0.380019836506988,0.346795071905212,0.330050383912902
"2002",1.05896623220043,1.07031563774778,1.05511225042075,1.0547655239788,1.05013354861902,1.05900764905921,1.0530309310859,1.05064794818498,1.05229735312313,1.05791590593985,1.05892644955463,1.05022980808514,1.04281536474215,1.04398645193874,1.05414388980257,1.05377839570411,1.04692377273661,1.05280010275467,1.0519775959572,1.03804436764003,1.04446268242246,1.05266574727434,1.04666989965779,1.04048642084519,1.04393015471621,1.03932285992731,1.03581482936433,1.04459318693,1.05442272243606,1.04862346670358,1.04202565888801,1.04541541204944,1.05045841499901,1.04271115252531,1.04642361401277,1.0450986350948,1.04207889328456,1.04410332898308,1.0384763392953,1.02975168007952,1.03313075883205,1.03388227897356,1.03259860849092,1.01604368979435,1.01332579670309,1.00623176115266,1.00600768610492,0.996143016462403,0.99904545042203,0.987280020079412,0.980874539407825,0.977956216582714,0.97607085205003,0.973888877116504,0.96235040154114,0.947701420966267,0.92772345336674,0.927162126436691,0.920989386733402,0.915693888367921,0.898015029478908,0.888978305114166,0.861605297687781,0.850158394149779,0.838638030891943,0.820505948831026,0.802523533898104,0.786988169312577,0.781733571250328,0.751928731549681,0.728143201043764,0.704683100293786,0.68952804685058,0.662259662468375,0.630881274647748,0.604969889291956,0.581302747739499,0.548075172513646,0.530999600600646,0.509563929241097,0.498362732694111,0.47817148837557,0.463262239635204,0.4388433247651,0.437857842937069,0.427552003834192,0.40408510607577,0.389209635373098,0.368570788956834,0.366657428125275,0.332662115149704
"2003",1.05780520263061,1.05842376058786,1.07075508592627,1.05450353999341,1.0549035173789,1.05051356212942,1.05850781772792,1.05355868144931,1.0508881112063,1.05197314517647,1.05770548828821,1.05865134732034,1.04945850755012,1.04269164654818,1.04409055444391,1.05517081983675,1.05546830235883,1.04872513480911,1.05456122026326,1.05337267607264,1.04015964012239,1.04613727866654,1.05477357718811,1.04822457264173,1.04223725604365,1.04521657615953,1.0411636307421,1.03715726037238,1.04612773870592,1.05583699647648,1.05018542226589,1.04385426411042,1.04647047912018,1.05210801506491,1.04424726242613,1.04812334139083,1.04561792346548,1.04298141156513,1.04493203507024,1.03861714361305,1.03046433313304,1.03266862802562,1.03444946587626,1.03164086967714,1.01450335065743,1.01233465001768,1.00425326222728,1.00363848797538,0.994029540670488,0.996155873547303,0.983863432335055,0.976483795662795,0.974621272782865,0.970904606909606,0.968982018797923,0.956420772212303,0.941636366340513,0.922170678642077,0.920428633822953,0.913113715506607,0.906808399366841,0.888303103836454,0.879846890452443,0.850858221697893,0.837853494968947,0.826524371426487,0.806497005489279,0.789133410029431,0.774149780940184,0.76735358678718,0.73845737659421,0.71327492217553,0.690076047041343,0.675255520406991,0.64635542520905,0.613983901858511,0.59052060519535,0.565178351058988,0.53152327934459,0.516749551592248,0.49329036930671,0.48217626188312,0.464279078729158,0.447767004490941,0.424413199857106,0.424614271938284,0.406467209560636,0.385625532336025,0.368961552877407,0.351921660097594,0.347766983201467
"2004",1.0556798140105,1.05767252386508,1.05826874561699,1.07108341128458,1.05399239526145,1.05508511218578,1.05081644473366,1.05817053850361,1.05406933592663,1.0511651221408,1.05161568670758,1.05754838997376,1.05838076405028,1.04853383054476,1.04250735134088,1.04419292886539,1.05589564125018,1.05696011133337,1.05044537453985,1.05624267565871,1.05479616465664,1.04236757245704,1.04774301066974,1.05675326153556,1.04968385459387,1.04381489589053,1.04653751657861,1.0430065001787,1.03845353135654,1.04759293640265,1.05700139820134,1.05177506444861,1.04542527713059,1.04749227619014,1.0538457594667,1.04581348956034,1.04958019488431,1.04583283031182,1.0437677398847,1.04578888246764,1.03821737014057,1.03103643793912,1.0320969534897,1.0346204214129,1.03133690744582,1.01306082737976,1.01160483264554,1.00154299942927,1.00151381026998,0.991674598255076,0.993739847117812,0.980289541615161,0.97144535466296,0.970339025818357,0.964779422844801,0.964037150870679,0.950157736668692,0.934939006312967,0.915087987104144,0.912317336500758,0.904337875857309,0.897856692519788,0.878565563822416,0.86851539391116,0.841142555025212,0.827047987270235,0.814542196036825,0.790601683159325,0.777179872427241,0.759203019455457,0.750605238601593,0.722841612672351,0.698149375780353,0.675026644779858,0.660300428946143,0.630611026594003,0.597027809266712,0.572308004354748,0.548371145439801,0.51551971760401,0.499036841979082,0.477064149401514,0.465230607044387,0.451071592467794,0.432048686418874,0.405252126030733,0.409465728225226,0.392240902051199,0.372046155609549,0.354385661824963,0.336504636264766
"2005",1.0598681058249,1.05559219203376,1.05764792248356,1.05801144524645,1.07125802442442,1.05345677310264,1.05542912870137,1.05114784581921,1.05776286160755,1.05461859966361,1.05152049084644,1.05126175722689,1.05732144992109,1.0580470555317,1.04778791438191,1.04222663940393,1.04434501870268,1.05655817229027,1.05823605710841,1.05198536110044,1.0578102421316,1.05605201607692,1.04433903227331,1.04922032991592,1.05885148991444,1.05116019292772,1.04540265561366,1.04765726704147,1.04488978527129,1.03981130377889,1.04901502552682,1.05828766787641,1.05344004035456,1.04706870486832,1.04864593078364,1.05548450756398,1.04728509453747,1.05066943464976,1.04637957766341,1.04436272533656,1.04648743814473,1.03809401171803,1.03187499637749,1.03135589007961,1.03447588345848,1.03067453057247,1.01116057246151,1.01035106913297,0.999402587440079,0.998861044856626,0.988655470090956,0.990518959901943,0.976567300257792,0.966589662245427,0.96484205920045,0.958820714156178,0.95776337779538,0.943303941001781,0.928215500977241,0.907850551306285,0.903353065206819,0.895483998395648,0.887929790545741,0.86836010755961,0.85919340335231,0.829443534895194,0.814596850807297,0.80175139027465,0.777270774281653,0.763250067409198,0.746276446559768,0.734749671649086,0.709064511608111,0.683082452870344,0.658432559414696,0.644659818026042,0.614975294745852,0.581990566608122,0.556692899012283,0.53295780784529,0.499879845667804,0.480698639983864,0.461302616323033,0.450937703737655,0.438673819220888,0.41101747696907,0.392369468309504,0.395806922694507,0.378362946795356,0.356027735854516,0.335391148397085
"2006",1.05300199539339,1.05998747395161,1.05556937532426,1.05759352624253,1.0579204573814,1.07151936251119,1.05316257506072,1.05565554044396,1.05147714532279,1.05742212099095,1.05523617940886,1.0518946018847,1.05094643586623,1.05697934952076,1.05791516312613,1.04709575402269,1.04183850598725,1.04446549405552,1.05721886603709,1.05936714416216,1.05361221554545,1.05922994497826,1.05730575791913,1.0462338930111,1.05060346599274,1.06101535685496,1.05261275969371,1.04722670961603,1.04898953689701,1.04681751500077,1.04107478113849,1.05054738708773,1.05943697574067,1.05490869209168,1.04875936171171,1.0497546975815,1.0571395605147,1.04889061147164,1.05161976823808,1.04664054900445,1.04522484120739,1.04718433990999,1.03761151840213,1.03224224268231,1.03108532305501,1.03441437954551,1.0302227114747,1.00917843675609,1.00935811250648,0.996686422919401,0.995768791002689,0.985370022059437,0.987580028304423,0.972244345043959,0.961776828202102,0.960339989923361,0.952314691681329,0.952085633496031,0.935872270692953,0.920942765815343,0.899023907950216,0.895429733178003,0.886452694437226,0.876904441158384,0.858995527252226,0.848794387775028,0.817013317477993,0.803157568639583,0.790827198280173,0.76335501957717,0.749723829951114,0.731787524168201,0.719240301022392,0.695181645110874,0.668081910235903,0.642828996764214,0.630205383605983,0.598640164140573,0.565483245339942,0.541700230702485,0.517636963165467,0.485350474370388,0.46554875615531,0.444236339111585,0.434452887001729,0.42483011599838,0.395562045787137,0.374443711629971,0.381674626976193,0.363962955932745,0.340345088204151
"2007",1.06475447763479,1.05267063984264,1.06040660475718,1.05567575876586,1.05735672337416,1.05752753673074,1.07182721834207,1.05251634934471,1.05592989153727,1.05166489350178,1.05703941726357,1.05591497770552,1.0520678577385,1.05047194234227,1.05665249366938,1.05753891826872,1.04613740261894,1.0414401819627,1.0442778334578,1.05763537609986,1.06046954080425,1.05484220149493,1.06075425523099,1.05866269026181,1.0483111344905,1.05223027633182,1.06327876768734,1.05410716529718,1.04909320863342,1.05035925348616,1.04881213537862,1.04256480147663,1.05206318208941,1.06089246727619,1.0564592581789,1.05050151707419,1.05086582561452,1.05875078874299,1.05048251285005,1.05278643163141,1.04700908454481,1.04597575453035,1.04802453955335,1.03743892353888,1.03266855718393,1.03046761538678,1.0334992750231,1.02918411592333,1.00706720946088,1.0076964888298,0.99423281937924,0.99270719284173,0.981459878651047,0.983747183908446,0.968121180319115,0.95588291446252,0.955493181972617,0.946075617325985,0.946126226809378,0.929188659377973,0.913640779644725,0.891048904608293,0.886355946341589,0.877188438492107,0.865801866857888,0.849217615589007,0.839024099509851,0.804829435155934,0.791178050240819,0.778068997292093,0.749811910357594,0.737335286810603,0.718414650963182,0.704596304729447,0.680563542982609,0.651840093300505,0.627924981765571,0.616402959910873,0.5829010419442,0.55118249419935,0.525043728061897,0.503542231632251,0.469943599076327,0.451124846259141,0.426170836000158,0.414757171988779,0.409563113099811,0.381776425866412,0.352610689137376,0.364576615574893,0.347694143721763
"2008",1.04032731961646,1.06395362801689,1.05242373353646,1.06078019402677,1.05560300462081,1.05722883903806,1.05732056313067,1.07222899887547,1.05202977813745,1.05610850190545,1.05203643035019,1.05673094364956,1.05648371732956,1.05230125402686,1.05006894439006,1.05645142344718,1.05721383408934,1.04512468142086,1.04093892187077,1.04380650607033,1.05797504651749,1.06136463989669,1.05618811459195,1.06206242625903,1.05987087019838,1.04994164756256,1.05377526568753,1.06533705966546,1.05540198983085,1.05084862704981,1.0515507354402,1.05060758248733,1.04403669250807,1.05351122723638,1.06205519730698,1.05750769054673,1.0521089143593,1.05205780271727,1.05982561018177,1.05202630277325,1.05371520077944,1.04762610801578,1.0469338194735,1.04864046144942,1.03677703549637,1.03352333289019,1.02954756413052,1.03306750457471,1.02804264993951,1.00517141229239,1.00597366724062,0.991532055655636,0.989345107175578,0.977718002503773,0.979673371312373,0.964015350818672,0.9494471610699,0.949827218949894,0.938944643942637,0.939289474864751,0.92126884616553,0.906156184180285,0.880835478837763,0.87653204229273,0.866879599857309,0.854778884502302,0.838137119560728,0.829347002214791,0.793184963111602,0.779310390340317,0.765859746258961,0.7369586231661,0.723074347537959,0.703209023370793,0.68713184052493,0.668514541486193,0.637862307622859,0.612713598620464,0.601526894140353,0.566460708138295,0.537857197244967,0.513394167594358,0.489431223520426,0.453106490594289,0.436495380071967,0.411697484326641,0.401879226159729,0.398511281595419,0.363394487289225,0.343131846652362,0.34923772333369
"2009",1.05141145576892,1.04099252601746,1.06325544605954,1.05225589943003,1.06106382508113,1.0555924057537,1.05712338466399,1.05713711933859,1.07260261488053,1.05147433378033,1.05624241615742,1.05231312068147,1.05635342829803,1.05700597575113,1.05255835022875,1.04977874796082,1.05603053414652,1.05687860398174,1.04396320814815,1.04022117145076,1.04313042599685,1.05841244749835,1.06256610582864,1.05750657568026,1.06351833010572,1.06135142302404,1.05165265512151,1.05549554587811,1.06739521029568,1.05695572481985,1.05258294281382,1.052836085972,1.05266436428515,1.04528137541283,1.05476649429273,1.06365820673509,1.05895975140388,1.05343940126718,1.053232959517,1.06100367629567,1.05353889949236,1.05452132497107,1.04789866788929,1.04736145153771,1.04899992999462,1.03595931626232,1.03383639015242,1.02860645721145,1.03231711295208,1.02630580638734,1.00272622614552,1.00413615952645,0.988394305145448,0.985574126166082,0.974016399026745,0.974742067675757,0.958975907280952,0.943131777167155,0.944487526404405,0.931882874941629,0.9326124945391,0.912552234843098,0.897576349133088,0.87046092344042,0.865948861362789,0.857235668938331,0.84310127863744,0.825715670391347,0.81855703834835,0.780190625941906,0.766850884672421,0.751888810809554,0.722323445777736,0.710187862705557,0.6897453741418,0.67374788852288,0.653847098045596,0.622902443865379,0.596702551065397,0.587008259182783,0.552178259027451,0.525518550828438,0.498262832655425,0.472991814599962,0.437378135404756,0.423603893654167,0.395144642105247,0.387913289905934,0.383602595298691,0.353820581423209,0.328994557523516
"2010",1.04084360237811,1.0507381071472,1.04138659896874,1.06238939126492,1.05206014659498,1.061517541268,1.0557189702016,1.05704255526642,1.05702318687804,1.07278960359873,1.05094425704081,1.05656126361324,1.05259141915629,1.0559508388289,1.05755244315036,1.05268322778827,1.04930290154354,1.05574760480224,1.0563986278088,1.04268144594198,1.03985339344295,1.04302403888647,1.05866941106571,1.06386132985404,1.05873978836165,1.06511511124007,1.06287820284189,1.0536564170899,1.05705864960753,1.06949508116586,1.05841589005871,1.05429510339984,1.05413338382078,1.05444188604744,1.04654265443143,1.05643764734669,1.06499377153644,1.06039130472538,1.05452371726249,1.05413309562319,1.06212704065682,1.05498592484698,1.0553493976158,1.04798918016895,1.04786419292764,1.04920920014445,1.03524812566288,1.03409958087826,1.02737288578224,1.03118455538366,1.02479850833678,1.00010312814031,1.00182988962423,0.984897932157206,0.981268172712563,0.969437032352149,0.969444370878466,0.954366232238584,0.936488658505736,0.938189753707082,0.923554133629889,0.925106474386775,0.903704158224531,0.888020820171417,0.860199833381803,0.856003195622586,0.845571592591605,0.830896387896895,0.813656287946514,0.80656964234736,0.767214972892384,0.753237883486046,0.736756978075047,0.708032848131171,0.697973899633056,0.67621653662567,0.659840514857151,0.639255468922725,0.608925330351604,0.582688697910986,0.57117966938637,0.535884935762462,0.509667700296925,0.484995355429221,0.461165421199726,0.421190831834666,0.409969438922351,0.380477000421104,0.367501415028599,0.365346464988009,0.337972820069836
"2011",1.05503795721187,1.04089300758214,1.04990566510277,1.04182135271873,1.06165462030239,1.05195323410877,1.06190746463181,1.05586336270832,1.05691683927548,1.05681588236617,1.0730704199607,1.05046471600688,1.0568567975004,1.05289016686667,1.05566613888261,1.05808199308903,1.05289922954863,1.04869140789363,1.05523265524268,1.05583684285241,1.04162673509135,1.03919291399548,1.0425205984711,1.05910661215623,1.064854207741,1.06009011350836,1.06646434427408,1.06395564827251,1.05568136035898,1.05861346275818,1.07177547093244,1.05997100458505,1.0559397536828,1.05533619007022,1.05636638147962,1.04790040996329,1.05757317722193,1.06643464369259,1.06164977201643,1.05589013414164,1.05477824891921,1.06345086163386,1.0559091457529,1.05643970220333,1.04738254436554,1.04806964961108,1.04949332167928,1.03444253955763,1.03375797171503,1.02642933337579,1.03064809994794,1.02357856791742,0.996599811267057,0.998926619828259,0.980769746187451,0.976549790363326,0.964386362742656,0.963450863888672,0.948439447511001,0.929933581563852,0.932340113474082,0.915412940557601,0.916164517038898,0.89317233484731,0.877474176970437,0.849145976128111,0.845680322649119,0.833537254901961,0.819427304108315,0.802696814903846,0.79462378122208,0.755060019276264,0.741477600572391,0.72439404817905,0.69276177446733,0.68327530625403,0.660800498364741,0.644713534093012,0.623295837437147,0.59335485606672,0.566405819464345,0.553384615384615,0.520423898421864,0.493314387729078,0.468997335242413,0.447943073159884,0.408252810096628,0.395984162895928,0.36742528105292,0.351546494398936,0.348620543645133
